5.160199245763308351e-01	1.487035590133358201e+05	4.488345048140866311e+03
5.325195870795365050e-01	1.417955015381126432e+05	1.505161431602495213e+03
5.490193185941149023e-01	1.388683310163287970e+05	1.471323754458051326e+03
5.655191191091296643e-01	1.354253731985099148e+05	1.597038515774627058e+03
5.820189886136440949e-01	1.358311237051524804e+05	1.928079369351228934e+03
5.985189270967217201e-01	1.368160456248957780e+05	1.337906384958647550e+03
6.150189345474260660e-01	1.380837201637152757e+05	1.493627701978359028e+03
6.315190109548205477e-01	1.383505368201704987e+05	1.416036332346506015e+03
6.480191563079689132e-01	1.400050091240131587e+05	1.273576241015855430e+03
6.645193705959343555e-01	1.424569518962609291e+05	1.262534586505110610e+03
6.810196538077805117e-01	1.477450883919417101e+05	1.353805482134715021e+03
6.975200059325709079e-01	1.511464113740826142e+05	1.026927090748449928e+03
7.140204269593688480e-01	1.564781015085461549e+05	1.153106934387778892e+03
7.305209168772380801e-01	1.608594854133818881e+05	9.930632147412296717e+02
7.470214756752420193e-01	1.670557779586534016e+05	1.128406665505509636e+03
7.635221033424441917e-01	1.778669125233703526e+05	1.393263753220643594e+03
7.800227998679079011e-01	1.854775168191779521e+05	1.345491409672676809e+03
7.965235652406967848e-01	1.953895835732313571e+05	1.279410218056545546e+03
8.130243994498744797e-01	2.048806348705519340e+05	2.025033596701052602e+03
8.295253024845040679e-01	2.137109775279675086e+05	1.632636383548897129e+03
8.460262743336495195e-01	2.269746543630185188e+05	1.526386460338844017e+03
8.625273149863741384e-01	2.363426725875012344e+05	1.812538553007693963e+03
8.790284244317412288e-01	2.437520947475991561e+05	2.070033006217092407e+03
8.955296026588146496e-01	2.465021693964906444e+05	1.409025938697258425e+03
9.120308496566574830e-01	2.530354646039532090e+05	1.411105286867908262e+03
9.285321654143334769e-01	2.526398873614129843e+05	1.706537857143106748e+03
9.450335499209063794e-01	2.518511272161998495e+05	1.631382511966881566e+03
9.615350031654390506e-01	2.491858752529249759e+05	1.436405101141952400e+03
9.780365251369953494e-01	2.369956620975078258e+05	1.533958191280165920e+03
9.945381158246390241e-01	2.267461717184007575e+05	1.422107057761644228e+03
1.011039775217433156e+00	2.104147357825001236e+05	1.432512055524730840e+03
1.027541503304441273e+00	1.966084539932639163e+05	1.439413784876022646e+03
1.044043300074727121e+00	1.773916360297953361e+05	1.444546952512906955e+03
1.060545165517353894e+00	1.627886704991154256e+05	1.058704092561855305e+03
1.077047099621385229e+00	1.439730523490763735e+05	9.980696067813297532e+02
1.093549102375884985e+00	1.293246027636642684e+05	1.067114410311577103e+03
1.110051173769915911e+00	1.132144133725577558e+05	9.649187509571601140e+02
1.126553313792542088e+00	1.010925890690452361e+05	6.994449838026246198e+02
1.143055522432826931e+00	8.869319647076292313e+04	7.663669496583966065e+02
1.159557799679833634e+00	7.947279237425193423e+04	6.347482677958068962e+02
1.176060145522625833e+00	7.059725565703670145e+04	6.923242814003881449e+02
1.192562559950267165e+00	6.383859964319659048e+04	5.112649140763534206e+02
1.209065042951821045e+00	5.666941090017820534e+04	5.682057522018898226e+02
1.225567594516350889e+00	5.216275635616025102e+04	5.371096256385051220e+02
1.242070214632920555e+00	4.717701250327065645e+04	4.801281296199370558e+02
1.258572903290593015e+00	4.332920799005119625e+04	4.477414243059105843e+02
1.275075660478431905e+00	3.941575227915106370e+04	3.325498562167762202e+02
1.291578486185501085e+00	3.743136308725590061e+04	4.172166160194416307e+02
1.308081380400863525e+00	3.481064136461543967e+04	3.655833236704988281e+02
1.324584343113583085e+00	3.274250867038355500e+04	3.862675202821739049e+02
1.341087374312723179e+00	3.087724635682592634e+04	3.914406613473050811e+02
1.357590473987347002e+00	2.894846086683405156e+04	3.206198998615955702e+02
1.374093642126518633e+00	2.767531421530106309e+04	2.845751857597595063e+02
1.390596878719301266e+00	2.643951023596322193e+04	3.303171378383657952e+02
1.407100183754757872e+00	2.525267149842649087e+04	2.787005964263458395e+02
1.423603557221953197e+00	2.434831389251075598e+04	3.149712844507564569e+02
1.440106999109949548e+00	2.321534917543998745e+04	2.835567945969314678e+02
1.456610509407811005e+00	2.248733081100842537e+04	3.200154170607024753e+02
1.473114088104600761e+00	2.185638815240350959e+04	3.009508834902987360e+02
1.489617735189382675e+00	2.126796930826306925e+04	2.833976630910553354e+02
1.506121450651219940e+00	2.066755166540414939e+04	2.439456068696337070e+02
1.522625234479176193e+00	2.026603815699641564e+04	2.998733892797908993e+02
1.539129086662314627e+00	1.964265726351943886e+04	2.298587314995262432e+02
1.555633007189699546e+00	1.899057238219485589e+04	2.592665005138822494e+02
1.572136996050393476e+00	1.914371756015947904e+04	2.623846691134795037e+02
1.588641053233460276e+00	1.883833820535489940e+04	2.345547090524462419e+02
1.605145178727963806e+00	1.864926355563441030e+04	2.064306032415591403e+02
1.621649372522967036e+00	1.844166608265434479e+04	2.271491991033564943e+02
1.638153634607533604e+00	1.854152531363008893e+04	2.217700688272936702e+02
1.654657964970727368e+00	1.850779019727069681e+04	2.560590545739515846e+02
1.671162363601611300e+00	1.864012385943886329e+04	2.246833298647229640e+02
1.687666830489249259e+00	1.889951872585554520e+04	2.663002407037878925e+02
1.704171365622704659e+00	1.915307885944073496e+04	2.458558367109482106e+02
1.720675968991040694e+00	1.942900157781424787e+04	2.499909362787929865e+02
1.737180640583321223e+00	1.966287482629363512e+04	2.263151509587179646e+02
1.753685380388609882e+00	2.010091965061355586e+04	2.564330487630214748e+02
1.770190188395969644e+00	2.032342339446791448e+04	2.281268674516379917e+02
1.786695064594464144e+00	2.086811723862146027e+04	2.369501534673680965e+02
1.803200008973157020e+00	2.134690890663838945e+04	2.606238735105876003e+02
1.819705021521112132e+00	2.175270974182682403e+04	2.487804389290546112e+02
1.836210102227392227e+00	2.228612839997875562e+04	2.458100172559897771e+02
1.852715251081061387e+00	2.281142288557436405e+04	2.503537734424764949e+02
1.869220468071182806e+00	2.342786365131044295e+04	2.388961676901836313e+02
1.885725753186820119e+00	2.383227555101623147e+04	3.025973957677942394e+02
1.902231106417036521e+00	2.438602584164441942e+04	2.799260027605672576e+02
1.918736527750895871e+00	2.498161273153171351e+04	2.299763463641230317e+02
1.935242017177461804e+00	2.538046471545749955e+04	2.527317397459320318e+02
1.951747574685797071e+00	2.569009020245334978e+04	3.191659041650445374e+02
1.968253200264966196e+00	2.630369357459501771e+04	2.281642928243657309e+02
1.984758893904031929e+00	2.647670733539118373e+04	3.615256535809888305e+02
2.001264655592057462e+00	2.763131586456776859e+04	2.647558016977641842e+02
2.017770485318107543e+00	2.796556717782699707e+04	2.796078903524226007e+02
2.034276383071244698e+00	2.818066701305346214e+04	3.504030773749495324e+02
2.050782348840532343e+00	2.904336570641432627e+04	3.297497772045710462e+02
2.067288382615034781e+00	2.946013707199781493e+04	3.006400383333817672e+02
2.083794484383814538e+00	3.069066124797132215e+04	2.544579141827695139e+02
2.100300654135935474e+00	3.058167028877150733e+04	3.321465608476498232e+02
2.116806891860461892e+00	3.117631827769084339e+04	3.215742177346114659e+02
2.133313197546456319e+00	3.192831556730875309e+04	2.669394332507854983e+02
2.149819571182981726e+00	3.258034134858028119e+04	2.671712238290111259e+02
2.166326012759103303e+00	3.329345057820882357e+04	2.685655908670794929e+02
2.182832522263883135e+00	3.392362621152564680e+04	3.250652454626347208e+02
2.199339099686385079e+00	3.485077290087052825e+04	2.637927879375160387e+02
2.215845745015673440e+00	3.565588178621533007e+04	2.915319496293606676e+02
2.232352458240810744e+00	3.643832234227134177e+04	3.222883949711047649e+02
2.248859239350860406e+00	3.679498935679995338e+04	2.653582019481093539e+02
2.265366088334886729e+00	3.791153997112936486e+04	2.915663138868991950e+02
2.281873005181952685e+00	3.866534362489739578e+04	3.220900620194915973e+02
2.298379989881121244e+00	3.946386665286422067e+04	3.012036449156127560e+02
2.314887042421456709e+00	3.982596498690974840e+04	2.551862733644592254e+02
2.331394162792023383e+00	4.053119353162948391e+04	2.885591405834698548e+02
2.347901350981882906e+00	4.117575624505597079e+04	2.800586638610812429e+02
2.364408606980099137e+00	4.240138305570668308e+04	2.654912768880760723e+02
2.380915930775737266e+00	4.253897788662524545e+04	2.591575020675917358e+02
2.397423322357858932e+00	4.336657801218908571e+04	2.845732949859229848e+02
2.413930781715527996e+00	4.399756921061953472e+04	2.708956659656984698e+02
2.430438308837809203e+00	4.457461179727806302e+04	2.553642553531296073e+02
2.446945903713764192e+00	4.504993349241344549e+04	2.901609343606693869e+02
2.463453566332457267e+00	4.546642131466546562e+04	2.548017975395353290e+02
2.479961296682953176e+00	4.584752807345376641e+04	2.817330513691069314e+02
2.496469094754313112e+00	4.562372619444126758e+04	1.739482718063484981e+03
2.512976960535601378e+00	4.517575238694823202e+04	2.594750045151992708e+03
2.529484894015883167e+00	4.611855748598260107e+04	1.619913190313128780e+03
2.545992895184219673e+00	4.405658232853513618e+04	3.161215701176800849e+03
2.562500964029675199e+00	4.580284467322476848e+04	2.665865502656859917e+03
2.579009100541314048e+00	4.763210646045222529e+04	2.599649220428680678e+02
2.595517304708198303e+00	4.772077713549641339e+04	2.603715746120771541e+02
2.612025576519392267e+00	4.783574926128097286e+04	2.201588797459084788e+02
2.628533915963959799e+00	4.823963611297996249e+04	2.632219878580215209e+02
2.645042323030963427e+00	4.768129144561670546e+04	2.327453884149212229e+02
2.661550797709467453e+00	4.791578033870311629e+04	2.546634571849569397e+02
2.678059339988535292e+00	4.789327800731609022e+04	2.268621959577473319e+02
2.694567949857229916e+00	4.804478680818472640e+04	2.637251300579578128e+02
2.711076627304614739e+00	4.747939422254395322e+04	2.432302666289403419e+02
2.727585372319754953e+00	4.752429932176652801e+04	2.338401221282220490e+02
2.744094184891711308e+00	4.755367147638273309e+04	2.449525256559233810e+02
2.760603065009548995e+00	4.739528893090927886e+04	2.437048382739421299e+02
2.777112012662332319e+00	4.695591457168417401e+04	2.190230716200339884e+02
2.793621027839122473e+00	4.676165021315526246e+04	2.372098291607393037e+02
2.810130110528984648e+00	4.680712450487340539e+04	2.516940033293207080e+02
2.826639260720981817e+00	4.654030493971613760e+04	2.469161699971249959e+02
2.843148478404177837e+00	4.630814242648505751e+04	2.356244962440788129e+02
2.859657763567635236e+00	4.622305946273783047e+04	2.274322037618888714e+02
2.876167116200418761e+00	4.639899465292955574e+04	2.357177864813403971e+02
2.892676536291591383e+00	4.595606715583259938e+04	2.072383260130130793e+02
2.909186023830216072e+00	4.582531824825449439e+04	2.327498354195132890e+02
2.925695578805357133e+00	4.567757976653160586e+04	2.253541309016278262e+02
2.942205201206077536e+00	4.480515797587922134e+04	2.171854913107817424e+02
2.958714891021441140e+00	4.550449993411329342e+04	2.288197240355335680e+02
2.975224648240511360e+00	4.493114369470180100e+04	2.128661641698879237e+02
2.991734472852351168e+00	4.532153397620493342e+04	2.363591996356110201e+02
3.008244364846024421e+00	4.487556431554722076e+04	2.257972616029863673e+02
3.024754324210595424e+00	4.518864832395776466e+04	2.011785967148087764e+02
3.041264350935126259e+00	4.484623189574867865e+04	1.781875260016166749e+02
3.057774445008680786e+00	4.485285748990232241e+04	2.239619722142194291e+02
3.074284606420323751e+00	4.498847240472170233e+04	2.307365937979465400e+02
3.090794835159116793e+00	4.463411184046546259e+04	2.138879645068643356e+02
3.107305131214124660e+00	4.458604952316170966e+04	2.140164656249512518e+02
3.123815494574411211e+00	4.465237046260664647e+04	2.193796695645968953e+02
3.140325925229038084e+00	4.433136562072047673e+04	1.850060334085355862e+02
3.156836423167070027e+00	4.450421368095715297e+04	2.094472850284998628e+02
3.173346988377571343e+00	4.472510726312151382e+04	2.016522746463651856e+02
3.189857620849603670e+00	4.401531239432735310e+04	2.011211373785151011e+02
3.206368320572231756e+00	4.410857651611102483e+04	1.966198226745130455e+02
3.222879087534519460e+00	4.391896482283989462e+04	2.050549115342848836e+02
3.239389921725528421e+00	4.391362512382864224e+04	2.097307859926968092e+02
3.255900823134323385e+00	4.329651302295313508e+04	2.128600928359014119e+02
3.272411791749969101e+00	4.312638305398532248e+04	1.863289261542704764e+02
3.288922827561526319e+00	4.302645679099120753e+04	1.856103206549369702e+02
3.305433930558060229e+00	4.285274670915055322e+04	2.020433769196937419e+02
3.321945100728635136e+00	4.227221809941719403e+04	1.876872359844552136e+02
3.338456338062312234e+00	4.183640621107419429e+04	1.999516370416532141e+02
3.354967642548156270e+00	4.171080682915840589e+04	1.779231585732163126e+02
3.371479014175231548e+00	4.127892377602594206e+04	2.191445507194720790e+02
3.387990452932599705e+00	4.055463131554242864e+04	1.892833015910824770e+02
3.404501958809325490e+00	4.048881262120831525e+04	1.953536832728579213e+02
3.421013531794473206e+00	4.026539902340258413e+04	1.632531511683039867e+02
3.437525171877104047e+00	3.983851109333435306e+04	1.777612947009062339e+02
3.454036879046282760e+00	3.916166626303202065e+04	1.479619152627182928e+02
3.470548653291074093e+00	3.891015038999695389e+04	1.773167663439045896e+02
3.487060494600539240e+00	3.839829539797077450e+04	1.805927542680213946e+02
3.503572402963742505e+00	3.771307236391863262e+04	1.799667399925376117e+02
3.520084378369748634e+00	3.711179297024538391e+04	1.776950446290313437e+02
3.536596420807619268e+00	3.678988825143361464e+04	1.592226083411122204e+02
3.553108530266418708e+00	3.621004523654996592e+04	1.581011963790923573e+02
3.569620706735211257e+00	3.580216797343992221e+04	1.656658512191017962e+02
3.586132950203059000e+00	3.518476812230135693e+04	1.599669649489029837e+02
3.602645260659025794e+00	3.489556192872837710e+04	1.645486824132686650e+02
3.619157638092176388e+00	3.423106367909892288e+04	1.556756169647491959e+02
3.635670082491572419e+00	3.400203295061377139e+04	1.584345872524300205e+02
3.652182593846278191e+00	3.335467756516791997e+04	1.421509241077013996e+02
3.668695172145358008e+00	3.294380096354746638e+04	1.568878582413582308e+02
3.685207817377873951e+00	3.258969919805134850e+04	1.539003275912665174e+02
3.701720529532890325e+00	3.220772060670649807e+04	1.692027864078304162e+02
3.718233308599471432e+00	3.214164179391274592e+04	1.483885968256785191e+02
3.734746154566678467e+00	3.154533941353120827e+04	1.411154652288099385e+02
3.751259067423576621e+00	3.139885568294518453e+04	1.455299390776594066e+02
3.767772047159229754e+00	3.090526864092561300e+04	1.403589346029648652e+02
3.784285093762699947e+00	3.097241104837755847e+04	1.404301097800148739e+02
3.800798207223051062e+00	3.075166466107029191e+04	1.416290871107212581e+02
3.817311387529348288e+00	3.056039096956555295e+04	1.424409046313917599e+02
3.833824634670652820e+00	3.053360566693025248e+04	1.537414512517126752e+02
3.850337948636028962e+00	3.035961324003775735e+04	1.271978180405209145e+02
3.866851329414541016e+00	3.032011735354326447e+04	1.351557789884276133e+02
3.883364776995251066e+00	3.026564464737921662e+04	1.368962990573226364e+02
3.899878291367223415e+00	3.041605927745061126e+04	1.341891274415561099e+02
3.916391872519522366e+00	3.036333623629104841e+04	1.418241313174684990e+02
3.932905520441209557e+00	3.039961395628686296e+04	1.459319121159781503e+02
3.949419235121349736e+00	3.045053745390864060e+04	1.364393876545373701e+02
3.965933016549006762e+00	3.061142381356989790e+04	1.384660919519512277e+02
3.982446864713242718e+00	3.057146324036730221e+04	1.403668658772280651e+02
3.998960779603121463e+00	3.096600296139338025e+04	1.522865985848588934e+02
4.015474761207707743e+00	3.105673343166153791e+04	1.286640123503773054e+02
4.031988809516064087e+00	3.140027450861641046e+04	1.451219982649469955e+02
4.048502924517253909e+00	3.166122540195067268e+04	1.560871746747158682e+02
4.065017106200341956e+00	3.195105945547286683e+04	1.389590155605246480e+02
4.081531354554389424e+00	3.226540187700706883e+04	1.430969585670730737e+02
4.098045669568461058e+00	3.246871691071452733e+04	1.347119125407533318e+02
4.114560051231619831e+00	3.299437915698331199e+04	1.427009286573695022e+02
4.131074499532931377e+00	3.338863452655092988e+04	1.483173617133040807e+02
4.147589014461456891e+00	3.357054943008926784e+04	1.530673095780874462e+02
4.164103596006260233e+00	3.395475032862363878e+04	1.456071216459131961e+02
4.180618244156406149e+00	3.470260906700121996e+04	1.637692154968149509e+02
4.197132958900955835e+00	3.480113618975587451e+04	1.362518403496407586e+02
4.213647740228974925e+00	3.501750182332579425e+04	1.490642340791042670e+02
4.230162588129527279e+00	3.531461454481734108e+04	1.542621623180068298e+02
4.246677502591673203e+00	3.572065902706842462e+04	1.561688738497963982e+02
4.263192483604479222e+00	3.613498257922708581e+04	1.369085750819726002e+02
4.279707531157008304e+00	3.639062168272062263e+04	1.662668831437105723e+02
4.296222645238322535e+00	3.680951121614557633e+04	1.445832888460453773e+02
4.312737825837486660e+00	3.711815581112664950e+04	1.601009180502404945e+02
4.329253072943564540e+00	3.730112763279581122e+04	1.551614050457899623e+02
4.345768386545618256e+00	3.787288710350998008e+04	1.581400518857245743e+02
4.362283766632712556e+00	3.776403147339037969e+04	1.503853154047482406e+02
4.378799213193910411e+00	3.827031764120407752e+04	1.647707074719595823e+02
4.395314726218274792e+00	3.851226742296693556e+04	1.643017073414675053e+02
4.411830305694870447e+00	3.861472929397373809e+04	1.611819109409475459e+02
4.428345951612760345e+00	3.876266909134628804e+04	1.601262517184801482e+02
4.444861663961006570e+00	3.900866062150907237e+04	1.727021228718178065e+02
4.461377442728674758e+00	3.906894750030312571e+04	1.644227452490238477e+02
4.477893287904827879e+00	3.900501575428006618e+04	1.612536442174089757e+02
4.494409199478528016e+00	3.895789519843189919e+04	1.592727299027739321e+02
4.510925177438839917e+00	3.910946399940217088e+04	1.513924199124144252e+02
4.527441221774827440e+00	3.876692865204876580e+04	1.429400404108702958e+02
4.543957332475553557e+00	3.872903028505796829e+04	1.659290750331605580e+02
4.560473509530081238e+00	3.866009309615698294e+04	1.760018178897835526e+02
4.576989752927475230e+00	3.824970793387729645e+04	1.691889124157924016e+02
4.593506062656796729e+00	3.832225821659389476e+04	1.701081761352199067e+02
4.610022438707111370e+00	3.790744458103190846e+04	1.453080639726837546e+02
4.626538881067483011e+00	3.781794081456858112e+04	1.443614042238419586e+02
4.643055389726972848e+00	3.762736900212366163e+04	1.667852966359171774e+02
4.659571964674646516e+00	3.727869286392316280e+04	1.732717043158756383e+02
4.676088605899566986e+00	3.755660375149198808e+04	1.900894877422156526e+02
4.692605313390796340e+00	3.701814126618563751e+04	2.084839900866894880e+02
4.709122087137399326e+00	3.618114434423939383e+04	1.824288192282614318e+02
4.725638927128440692e+00	3.599619812644835474e+04	1.911927856045880390e+02
4.742155833352980743e+00	3.547386708177941910e+04	2.197580527259330836e+02
4.758672805800086003e+00	3.530231739827523415e+04	2.146591652757943223e+02
4.775189844458818555e+00	3.476721321205412823e+04	1.910307535019082366e+02
4.791706949318241371e+00	3.447328204226214439e+04	1.902891431932552280e+02
4.808224120367419196e+00	3.412298597290042380e+04	1.994175114206475712e+02
4.824741357595415003e+00	3.399681088511031703e+04	1.893199459221877419e+02
4.841258660991291762e+00	3.356548256896842213e+04	2.058278131204647252e+02
4.857776030544114221e+00	3.324053035674749117e+04	2.237660785300217015e+02
4.874293466242945350e+00	3.292598665313355741e+04	2.232574822892992188e+02
4.890810968076847232e+00	3.299225470138166565e+04	2.297598438627494488e+02
4.907328536034884614e+00	3.273092919197348238e+04	1.994600042111047173e+02
4.923846170106122244e+00	3.251373358509095851e+04	2.071502865805475437e+02
4.940363870279621317e+00	3.259306938959952095e+04	1.699768582334849043e+02
4.956881636544445691e+00	3.259767775091041403e+04	2.259864598032279730e+02
4.973399468889661001e+00	3.208827577558035409e+04	1.843844461950548634e+02
4.989917367304328444e+00	3.225797667888290744e+04	1.888386490927086925e+02
5.006435331777511877e+00	3.216805235552814338e+04	1.571781753560919128e+02
5.022953362298276048e+00	3.238642239487778716e+04	2.223417973278437216e+02
5.039471458855683039e+00	3.233892677765061671e+04	1.735977663089608996e+02
5.055989621438796711e+00	3.238353585513769940e+04	1.759924057755625029e+02
5.072507850036681809e+00	3.241828080087288981e+04	1.893838633295657417e+02
5.089026144638399529e+00	3.258990203712513903e+04	1.833193472562155648e+02
5.105544505233015506e+00	3.277550309375348297e+04	1.552690329833757517e+02
5.122062931809591824e+00	3.271994461780107667e+04	1.943251120274017580e+02
5.138581424357192340e+00	3.305011764693543955e+04	2.037181051624899339e+02
5.155099982864880914e+00	3.343367958848120907e+04	1.873901527786542829e+02
5.171618607321722294e+00	3.341343053299110034e+04	1.852996396533486632e+02
5.188137297716776786e+00	3.370638791345991922e+04	1.906305827388948160e+02
5.204656054039109137e+00	3.404212816819695581e+04	1.958858119721705009e+02
5.221174876277784982e+00	3.405948515165400750e+04	1.883082054938944054e+02
5.237693764421865517e+00	3.441751504082018073e+04	2.078307138080769221e+02
5.254212718460414600e+00	3.478018954155124084e+04	2.187031606257741316e+02
5.270731738382496090e+00	3.486270768003559351e+04	1.833171728044092674e+02
5.287250824177173847e+00	3.488384756640417618e+04	1.913972070704283226e+02
5.303769975833509953e+00	3.530972641170272254e+04	1.951811996233509774e+02
5.320289193340570044e+00	3.540065540942905500e+04	2.083958058527058199e+02
5.336808476687415315e+00	3.536269979390048684e+04	1.997785822975678798e+02
5.353327825863110512e+00	3.573130911240074784e+04	2.025911605004475007e+02
5.369847240856720383e+00	3.596528567471686256e+04	1.966274965826077050e+02
5.386366721657306122e+00	3.594835545982643089e+04	2.194939856251738206e+02
5.402886268253931590e+00	3.592427305811253609e+04	1.749208501980153869e+02
5.419405880635661532e+00	3.608130658143034816e+04	2.077098227452487720e+02
5.435925558791558920e+00	3.638844728785284678e+04	1.757769164320074822e+02
5.452445302710685837e+00	3.639540839296185004e+04	1.770141651327283512e+02
5.468965112382108806e+00	3.655692208022542764e+04	1.885392115161502034e+02
5.485484987794888134e+00	3.649618172218361724e+04	2.038015198882588948e+02
5.502004928938088568e+00	3.674532789564558334e+04	1.961643940560123838e+02
5.518524935800774855e+00	3.664685208946424973e+04	1.809483583955497750e+02
5.535045008372009079e+00	3.684133424159076822e+04	1.823508600994883295e+02
5.551565146640854209e+00	3.703509402373334160e+04	2.055779839570445517e+02
5.568085350596375882e+00	3.748118184000676411e+04	1.953127382525566986e+02
5.584605620227635292e+00	3.739680984325792815e+04	1.977439526252885003e+02
5.601125955523697186e+00	3.740976466244092444e+04	1.919459717470985538e+02
5.617646356473625424e+00	3.771132195800622139e+04	1.972346792565652720e+02
5.634166823066482088e+00	3.764446496222891437e+04	2.045673636630557155e+02
5.650687355291331038e+00	3.786321186112112628e+04	1.743149901261926686e+02
5.667207953137237908e+00	3.818643661913711549e+04	1.913009604064537257e+02
5.683728616593263006e+00	3.828832085929819732e+04	1.784021973335696032e+02
5.700249345648471078e+00	3.854202751732168690e+04	2.121103044105567790e+02
5.716770140291926872e+00	3.843809531553345732e+04	1.840474404030306914e+02
5.733291000512692470e+00	3.903380956771281490e+04	2.071409583855863730e+02
5.749811926299830844e+00	3.900680161931336625e+04	1.920838169142932372e+02
5.766332917642408518e+00	3.918252650263198302e+04	1.814433959684938316e+02
5.782853974529484908e+00	3.928327606717972958e+04	1.841309419331110746e+02
5.799375096950125652e+00	3.956838865724482457e+04	1.978326829519350554e+02
5.815896284893395496e+00	3.955810111028151005e+04	2.030187853262524982e+02
5.832417538348354746e+00	3.983621624897004222e+04	1.953599911885481220e+02
5.848938857304069039e+00	3.998359841767616308e+04	1.889792156844858937e+02
5.865460241749603121e+00	3.967070530435853289e+04	2.189434343698822829e+02
5.881981691674017299e+00	4.003464475838368526e+04	1.948196050522783764e+02
5.898503207066376319e+00	4.002529506543303432e+04	2.136784950909041072e+02
5.915024787915744930e+00	4.004825051938245451e+04	1.919870497037141206e+02
5.931546434211185215e+00	3.990059102665764658e+04	2.169591000187691066e+02
5.948068145941761031e+00	4.008662310874111427e+04	1.958043478985167098e+02
5.964589923096536239e+00	3.990968607081400114e+04	2.076490306651657818e+02
5.981111765664573809e+00	4.017641402061439294e+04	1.843119399429803593e+02
5.997633673634937601e+00	3.972310676421664539e+04	1.857824698504049650e+02
6.014155646996691473e+00	3.976631541425250907e+04	1.778128893586123240e+02
6.030677685738897509e+00	3.949173817439752747e+04	2.022389103374956960e+02
6.047199789850620455e+00	3.954103743205413048e+04	1.928795425244976514e+02
6.063721959320924171e+00	3.946307764047357341e+04	2.011943255762191427e+02
6.080244194138869851e+00	3.917356175380536297e+04	2.017722371490430930e+02
6.096766494293524019e+00	3.905508244004930020e+04	2.070401934262923760e+02
6.113288859773948758e+00	3.898062692188983783e+04	1.807193893068911166e+02
6.129811290569207038e+00	3.852905586174379278e+04	1.899079154979086752e+02
6.146333786668362720e+00	3.839182880095414293e+04	2.006997835319592411e+02
6.162856348060479661e+00	3.815839398818832706e+04	1.944627623309331170e+02
6.179378974734621721e+00	3.754156225433161308e+04	1.857438121109655924e+02
6.195901666679850983e+00	3.752565915891565965e+04	1.979287437683703956e+02
6.212424423885231306e+00	3.734345142285189650e+04	1.943267429501093488e+02
6.228947246339828325e+00	3.686787439457145956e+04	1.926959280082072894e+02
6.245470134032702347e+00	3.665373096727236407e+04	1.823749211540961710e+02
6.261993086952919008e+00	3.620616653636112460e+04	1.954441611471692113e+02
6.278516105089542165e+00	3.600547519821694004e+04	1.908364302738639253e+02
6.295039188431633015e+00	3.582963308947096812e+04	1.884976418196690702e+02
6.311562336968256304e+00	3.532142061265333905e+04	1.981114135304090951e+02
6.328085550688475891e+00	3.506412810350013751e+04	1.732790036705678460e+02
6.344608829581355636e+00	3.458965175446917419e+04	1.890492602644720250e+02
6.361132173635957621e+00	3.409228099776313320e+04	1.720388184921812638e+02
6.377655582841346593e+00	3.380373633964963665e+04	1.908945463944028518e+02
6.394179057186584636e+00	3.355076882796910650e+04	1.823244578282910311e+02
6.410702596660737385e+00	3.320506843065367138e+04	1.816756825371902551e+02
6.427226201252866034e+00	3.256070983533000981e+04	1.622029929970370574e+02
6.443749870952035330e+00	3.231921190467666020e+04	1.648317381619783077e+02
6.460273605747310022e+00	3.183445465476187383e+04	1.527930315564127568e+02
6.476797405627750415e+00	3.135634437451788108e+04	1.940797498780241312e+02
6.493321270582422144e+00	3.108273730401485227e+04	1.561510576821470693e+02
6.509845200600389070e+00	3.077293589190276180e+04	1.767550096437172442e+02
6.526369195670713275e+00	3.038577855216660100e+04	1.603116853982706402e+02
6.542893255782459505e+00	2.987283555014200101e+04	1.709968476014094279e+02
6.559417380924690733e+00	2.953944258308972712e+04	1.435798043378428872e+02
6.575941571086469040e+00	2.885748490134051826e+04	1.886478642297724093e+02
6.592465826256860062e+00	2.860855187247210051e+04	1.341625344389962606e+02
6.608990146424927659e+00	2.838101896581874462e+04	1.740347335003596640e+02
6.625514531579733024e+00	2.801511297320201629e+04	1.454655131053839057e+02
6.642038981710340018e+00	2.731929531798867174e+04	1.622688369250340088e+02
6.658563496805814275e+00	2.696538550607811339e+04	1.587881606904163618e+02
6.675088076855217878e+00	2.658715363461128436e+04	1.488633593020607577e+02
6.691612721847612910e+00	2.624567761463589704e+04	1.457808336199064456e+02
6.708137431772066783e+00	2.583073207657753665e+04	1.596735913906176449e+02
6.724662206617638027e+00	2.571867978393038356e+04	1.490736817644606163e+02
6.741187046373394054e+00	2.527017038382794999e+04	1.512012836077599331e+02
6.757711951028396946e+00	2.491061975009214075e+04	1.557195266802983156e+02
6.774236920571709675e+00	2.450164650542755044e+04	1.493487469992091121e+02
6.790761954992396099e+00	2.409630659378555720e+04	1.528130992707348526e+02
6.807287054279520966e+00	2.371063472937393817e+04	1.488334499414148411e+02
6.823812218422145470e+00	2.341230178308271570e+04	1.547169256198996550e+02
6.840337447409335248e+00	2.288493235251616716e+04	1.404697161245345001e+02
6.856862741230152380e+00	2.258091566538839834e+04	1.372107430191210824e+02
6.873388099873660728e+00	2.236050939156887034e+04	1.406188815784075814e+02
6.889913523328924150e+00	2.211140438230020300e+04	1.403534048501670668e+02
6.906439011585005616e+00	2.168406972789567590e+04	1.245635615513035930e+02
6.922964564630969875e+00	2.154346186096571910e+04	1.425904661471932684e+02
6.939490182455878120e+00	2.118909367900120560e+04	1.211375366213603826e+02
6.956015865048795987e+00	2.107099649603673606e+04	1.406293830676537482e+02
6.972541612398786448e+00	2.068547378715719969e+04	1.260633871937451289e+02
6.989067424494912473e+00	2.042577264967081283e+04	1.370955297258426526e+02
7.005593301326237032e+00	2.021486493239754782e+04	1.249169840114060719e+02
7.022119242881825762e+00	2.014028300330841375e+04	1.401870366315011438e+02
7.038645249150738969e+00	1.988592459348397824e+04	1.255545361486649654e+02
7.055171320122043177e+00	1.971622950354243221e+04	1.297580825994606073e+02
7.071697455784800468e+00	1.950273616494218732e+04	1.063435789152623130e+02
7.088223656128074701e+00	1.935954222524350917e+04	1.330345677730306022e+02
7.104749921140928848e+00	1.918090166612993198e+04	1.222072350831485039e+02
7.121276250812427655e+00	1.921703233451687993e+04	1.293037216249414314e+02
7.137802645131632318e+00	1.902050883189813612e+04	1.138424556218455024e+02
7.154329104087608471e+00	1.885963592436944236e+04	1.254528227324896790e+02
7.170855627669419974e+00	1.882660885719727230e+04	1.113713299243253942e+02
7.187382215866127133e+00	1.868787663761068688e+04	1.199734858839012901e+02
7.203908868666796472e+00	1.865026953419652273e+04	1.200762811267978662e+02
7.220435586060491850e+00	1.859340846792361845e+04	1.232228311872304403e+02
7.236962368036272686e+00	1.852354700208165741e+04	1.204598637270617161e+02
7.253489214583207279e+00	1.845661003181133128e+04	1.240682174438273222e+02
7.270016125690356823e+00	1.846918882162155933e+04	1.128041169465760021e+02
7.286543101346784290e+00	1.839294248207517376e+04	1.133494128919563479e+02
7.303070141541554428e+00	1.845159233202080941e+04	1.145487296392781786e+02
7.319597246263731094e+00	1.842433352058100354e+04	1.220150901587672507e+02
7.336124415502375484e+00	1.848191957972086311e+04	1.132684401297632917e+02
7.352651649246553234e+00	1.840725293707614765e+04	1.130498423723689285e+02
7.369178947485328202e+00	1.845406904855863104e+04	1.226706640085330093e+02
7.385706310207760694e+00	1.845589641291872977e+04	1.048748438080578183e+02
7.402233737402918123e+00	1.853854149717689870e+04	1.162590316619018722e+02
7.418761229059861684e+00	1.857834907471048791e+04	1.145600256189204913e+02
7.435288785167654346e+00	1.860392521864780429e+04	1.144338923990908512e+02
7.451816405715362635e+00	1.870553900132200943e+04	1.003187394850548344e+02
7.468344090692047743e+00	1.876836584044264600e+04	1.163072465432780973e+02
7.484871840086771755e+00	1.876412579808841838e+04	1.055728753226034513e+02
7.501399653888601193e+00	1.882198388188920217e+04	1.268622840215733305e+02
7.517927532086599030e+00	1.896806395067455742e+04	1.040681518702761821e+02
7.534455474669825570e+00	1.902704874845160521e+04	1.224428877648345093e+02
7.550983481627349114e+00	1.920968654049289034e+04	9.983609429410630298e+01
7.567511552948230857e+00	1.922617711776834767e+04	1.329532757347559766e+02
7.584039688621531994e+00	1.931478013173820727e+04	1.063172654947587432e+02
7.600567888636319935e+00	1.944837352993003151e+04	1.240047417464078876e+02
7.617096152981656765e+00	1.949562090326669568e+04	1.120234141526006368e+02
7.633624481646604565e+00	1.957517854422772871e+04	1.189329876848148473e+02
7.650152874620228971e+00	1.968581447336950441e+04	1.138999829052645225e+02
7.666681331891592954e+00	1.971885010705103923e+04	1.188937646169722342e+02
7.683209853449756821e+00	1.986191875335704390e+04	1.165822250479099296e+02
7.699738439283789759e+00	1.992159403209879383e+04	1.052299029610670686e+02
7.716267089382749411e+00	2.005808539281160483e+04	1.161278662490485658e+02
7.732795803735704077e+00	2.022178020525367901e+04	1.220295620268274632e+02
7.749324582331715838e+00	2.029671184991985865e+04	1.175028860124870818e+02
7.765853425159845891e+00	2.040689831494290411e+04	1.076934108006109767e+02
7.782382332209160758e+00	2.037820872697255254e+04	1.125546717192590478e+02
7.798911303468723411e+00	2.049575744697108894e+04	1.093821026785487902e+02
7.815440338927594155e+00	2.066662070881907130e+04	1.123385630574807834e+02
7.831969438574841291e+00	2.065663579734985979e+04	1.023507309317096201e+02
7.848498602399526014e+00	2.075010685398288842e+04	1.177995373516191790e+02
7.865027830390709518e+00	2.094598212431933644e+04	1.189599050437039978e+02
7.881557122537459215e+00	2.097479547211431782e+04	1.238588741974541279e+02
7.898086478828838075e+00	2.119307555870226497e+04	9.805267202739069887e+01
7.914615899253905518e+00	2.114904535263189609e+04	1.140034107986514726e+02
7.931145383801729842e+00	2.112360104074381161e+04	1.122167339464228064e+02
7.947674932461373132e+00	2.152166998072035494e+04	1.170292894953819882e+02
7.964204545221896581e+00	2.150029962520416302e+04	1.056525514481218551e+02
7.980734222072367601e+00	2.158002949111101043e+04	1.224681273548332143e+02
7.997263963001846498e+00	2.166848891025194098e+04	1.052041196468096302e+02
8.013793767999397133e+00	2.173028144606635033e+04	1.220623686228645255e+02
8.030323637054085140e+00	2.189205852397219860e+04	1.028166279864176005e+02
8.046853570154972601e+00	2.194952863224450994e+04	1.246132702456258414e+02
8.063383567291122489e+00	2.199844402890868150e+04	1.206182545105880166e+02
8.079913628451599550e+00	2.223907175728603761e+04	1.240310382848243194e+02
8.096443753625466755e+00	2.260649077840934115e+04	1.201541800662477470e+02
8.112973942801785299e+00	2.246643681096420914e+04	1.319839834979888451e+02
8.129504195969621705e+00	2.248995240439160989e+04	1.277481459614220540e+02
8.146034513118040721e+00	2.272488345636890153e+04	1.187207456993985630e+02
8.162564894236099988e+00	2.276536966893082717e+04	1.301202528793216686e+02
8.179095339312869584e+00	2.290702692622241375e+04	1.222190153466352314e+02
8.195625848337410702e+00	2.314750842919670686e+04	1.154640281262803683e+02
8.212156421298782760e+00	2.315670139230618224e+04	1.213348453552345063e+02
8.228687058186055836e+00	2.329235209368599317e+04	1.291046318311440473e+02
8.245217758988289347e+00	2.338287362657453923e+04	1.213756538147852524e+02
8.261748523694546265e+00	2.360342433387714118e+04	1.246253653552482206e+02
8.278279352293894888e+00	2.376432332710296760e+04	1.201662123073996042e+02
8.294810244775392860e+00	2.383194879322986162e+04	1.340626394215000801e+02
8.311341201128106704e+00	2.394489567041082773e+04	1.185074278835985666e+02
8.327872221341099390e+00	2.400860469456271676e+04	1.247394768415615260e+02
8.344403305403435667e+00	2.411668367106958613e+04	1.279105078038399483e+02
8.360934453304176728e+00	2.423622260441395338e+04	1.235165170666828232e+02
8.377465665032387321e+00	2.444751357036647823e+04	1.129719545544031689e+02
8.393996940577132193e+00	2.449450825742688903e+04	1.280005658551260694e+02
8.410528279927470763e+00	2.452048251914608409e+04	1.200606969370895172e+02
8.427059683072471330e+00	2.454266361573050381e+04	1.432958426152101197e+02
8.443591150001195089e+00	2.460534549794820123e+04	1.254771273394533893e+02
8.460122680702703235e+00	2.467840606986361672e+04	1.208381534915302353e+02
8.476654275166065844e+00	2.478198555604811190e+04	1.226639289870012561e+02
8.493185933380340558e+00	2.482317059420978330e+04	1.336106563849588724e+02
8.509717655334590347e+00	2.479440163503004442e+04	1.255640530099808814e+02
8.526249441017883512e+00	2.484478298328015080e+04	1.130925308780110612e+02
8.542781290419281248e+00	2.465038970156237701e+04	1.310237911605263434e+02
8.559313203527844749e+00	2.491393197708330990e+04	1.287724411879031834e+02
8.575845180332640538e+00	2.491823725961352466e+04	1.201603657837810175e+02
8.592377220822731587e+00	2.498559943898233905e+04	1.131519635531336689e+02
8.608909324987180867e+00	2.484659483501316572e+04	1.269301196634642253e+02
8.625441492815051348e+00	2.492270628926823701e+04	1.232485882009488876e+02
8.641973724295409554e+00	2.494386611961432573e+04	1.278828460219130676e+02
8.658506019417313126e+00	2.496845720465157865e+04	1.239300882605015772e+02
8.675038378169830366e+00	2.479370254530738748e+04	1.279689735406527973e+02
8.691570800542024244e+00	2.481960273930166295e+04	1.209736537971081418e+02
8.708103286522955955e+00	2.480437264861050062e+04	1.263455494752934953e+02
8.724635836101692021e+00	2.486880079858034151e+04	1.318751569608741647e+02
8.741168449267293639e+00	2.482414816995414003e+04	1.299434459185091271e+02
8.757701126008823778e+00	2.472484358480963419e+04	1.342795877704110410e+02
8.774233866315348962e+00	2.466216445903100248e+04	1.264186328008319009e+02
8.790766670175930386e+00	2.462180458220480068e+04	1.324254360683712548e+02
8.807299537579631021e+00	2.442744063591156009e+04	1.280987416014908433e+02
8.823832468515517391e+00	2.432880427192687785e+04	1.135713707272960562e+02
8.840365462972650690e+00	2.427735989847579549e+04	1.178217448521258461e+02
8.856898520940092112e+00	2.412891747678342654e+04	1.125752677080173072e+02
8.873431642406911735e+00	2.417021417605785973e+04	1.327238882757003182e+02
8.889964827362167199e+00	2.416361082332707883e+04	1.212591306020143378e+02
8.906498075794921476e+00	2.401149213236271316e+04	1.286816839925130864e+02
8.923031387694244643e+00	2.383544316041622005e+04	1.157694688335003548e+02
8.939564763049194340e+00	2.360802401142023155e+04	1.313893254000043953e+02
8.956098201848833540e+00	2.367240686862989241e+04	1.135159818833999452e+02
8.972631704082230542e+00	2.357990714022362954e+04	1.311779752082535140e+02
8.989165269738446540e+00	2.339502842880613753e+04	1.214419404711747745e+02
9.005698898806542729e+00	2.333714312205274473e+04	1.138546106915307519e+02
9.022232591275587410e+00	2.329138379077885475e+04	1.129676126591309497e+02
9.038766347134640000e+00	2.303053570437507005e+04	1.309815540671160363e+02
9.055300166372763471e+00	2.299984163837953747e+04	1.175966634529242612e+02
9.071834048979024345e+00	2.298835201322164357e+04	1.194304572869751837e+02
9.088367994942485595e+00	2.278983459546356607e+04	1.206088419727470438e+02
9.104902004252208414e+00	2.267478189901800943e+04	1.204991326337296442e+02
9.121436076897259326e+00	2.245277855374745195e+04	1.230292273315577916e+02
9.137970212866701303e+00	2.243052240431324753e+04	1.154258518184367119e+02
9.154504412149595538e+00	2.232808977220006636e+04	1.157209520238756966e+02
9.171038674735006779e+00	2.220128803488540871e+04	1.203618958633548743e+02
9.187573000611999774e+00	2.222526247991645869e+04	1.084892238455879152e+02
9.204107389769633940e+00	2.194541169883968541e+04	1.139876549272082968e+02
9.220641842196979354e+00	2.189003368265892277e+04	1.077736885397479512e+02
9.237176357883095434e+00	2.173328053472679676e+04	1.213360311563816509e+02
9.253710936817043375e+00	2.164147561211496213e+04	1.209757629494548183e+02
9.270245578987891477e+00	2.155088301068363580e+04	1.108561413590866067e+02
9.286780284384702711e+00	2.140001509897431606e+04	1.092433831886566082e+02
9.303315052996534718e+00	2.132095030307288107e+04	9.674968596130646858e+01
9.319849884812459351e+00	2.105681234637765010e+04	1.195067100469181582e+02
9.336384779821534252e+00	2.102144673707629408e+04	1.142407981740874447e+02
9.352919738012824169e+00	2.096719235366417706e+04	1.052993757059098385e+02
9.369454759375395625e+00	2.083238434236108151e+04	1.145865659057165402e+02
9.385989843898308038e+00	2.080168751588530722e+04	1.022347334377807755e+02
9.402524991570626156e+00	2.069770695218867331e+04	1.002993511804960463e+02
9.419060202381414726e+00	2.050043791784492714e+04	1.080546812960018030e+02
9.435595476319736719e+00	2.040225663160035765e+04	1.109533512213310047e+02
9.452130813374653329e+00	2.030760116214690788e+04	1.073225035970380645e+02
9.468666213535231080e+00	2.031273789150875746e+04	1.059319326654058244e+02
9.485201676790534719e+00	2.019147661290868564e+04	1.057061893495917104e+02
9.501737203129621889e+00	2.006494620483215112e+04	1.118025833346397349e+02
9.518272792541560889e+00	1.994007644686064305e+04	1.011718294020688091e+02
9.534808445015414691e+00	1.994832717072784726e+04	1.077350204650620924e+02
9.551344160540244488e+00	1.974737490568276553e+04	1.060804266860202034e+02
9.567879939105116804e+00	1.975482225809287775e+04	1.101461518499231289e+02
9.584415780699092835e+00	1.967295065833437548e+04	1.075435385420689016e+02
9.600951685311235551e+00	1.967181616407218098e+04	1.013083020980650844e+02
9.617487652930613251e+00	1.946614895909247571e+04	1.137583778333453353e+02
9.634023683546283578e+00	1.946490827064788755e+04	1.047717581285049988e+02
9.650559777147311280e+00	1.944334704895160394e+04	9.670082040172263760e+01
9.667095933722764656e+00	1.938171004627906223e+04	1.038185217707132608e+02
9.683632153261701347e+00	1.922356847862944051e+04	1.014196836511544433e+02
9.700168435753186102e+00	1.912867312964328448e+04	1.004549623757903731e+02
9.716704781186285445e+00	1.916693002128613443e+04	9.991744973417218034e+01
9.733241189550058792e+00	1.915527475114893605e+04	1.038198954848281801e+02
9.749777660833572668e+00	1.911887414480129519e+04	9.629039070603633377e+01
9.766314195025890044e+00	1.894648803491991930e+04	1.010056658219981358e+02
9.782850792116072114e+00	1.907977696340838156e+04	8.717504283495698303e+01
9.799387452093185402e+00	1.887459812338054326e+04	9.556143554197149115e+01
9.815924174946292879e+00	1.889683266130042102e+04	9.874960231010585687e+01
9.832460960664455740e+00	1.888366569545443053e+04	9.425589066733365939e+01
9.848997809236738732e+00	1.880667853976610786e+04	9.832633181635355868e+01
9.865534720652206602e+00	1.883662874702576664e+04	9.088763742918115440e+01
9.882071694899924097e+00	1.876199777770898072e+04	1.079104382344826547e+02
9.898608731968948860e+00	1.869754463322362426e+04	1.049463253739298807e+02
9.915145831848349189e+00	1.879416938313583523e+04	9.289947646477965293e+01
9.931682994527188058e+00	1.855109275089218863e+04	9.861889100319669410e+01
9.948220219994528435e+00	1.856176658173912074e+04	9.783879513846967768e+01
9.964757508239433292e+00	1.858359967117406632e+04	9.388118425148881840e+01
9.981294859250967377e+00	1.853366503087305318e+04	9.362296184152326362e+01
9.997832273018191884e+00	1.859480457557270347e+04	9.132756643642333927e+01
1.001436974953017334e+01	1.844539536512837367e+04	9.886644562293172100e+01
1.003090728877597293e+01	1.842280867770295299e+04	9.406292637183487670e+01
1.004744489074465363e+01	1.841299789798902566e+04	9.975901417129163917e+01
1.006398255542528197e+01	1.836449660804282030e+04	9.988047152345517077e+01
1.008052028280691914e+01	1.840338805359072285e+04	8.887232615457553209e+01
1.009705807287862811e+01	1.828503455348051648e+04	9.718215423726012148e+01
1.011359592562947540e+01	1.829178914991044439e+04	1.024468674298094157e+02
1.013013384104852221e+01	1.823773053550333134e+04	9.933520744342042974e+01
1.014667181912483152e+01	1.823858059866994881e+04	8.998622629685397101e+01
1.016320985984746805e+01	1.817685534949519933e+04	9.426636773823642557e+01
1.017974796320549302e+01	1.821249507513763820e+04	1.039862287644387209e+02
1.019628612918797472e+01	1.818329103212644259e+04	9.201335312745767681e+01
1.021282435778397435e+01	1.811369660445712361e+04	9.317458292658481867e+01
1.022936264898255132e+01	1.817916882077529590e+04	8.575690288890974955e+01
1.024590100277277571e+01	1.808879471169982935e+04	9.532400822462034284e+01
1.026243941914370694e+01	1.807937406053941959e+04	9.468173523821727144e+01
1.027897789808440798e+01	1.803572504821520488e+04	9.238366484432080483e+01
1.029551643958394536e+01	1.799987325002823491e+04	8.945151880523631860e+01
1.031205504363138203e+01	1.801579779248834529e+04	8.738209422078035971e+01
1.032859371021577743e+01	1.790598640514816361e+04	8.759164176199485041e+01
1.034513243932620163e+01	1.796906561582176801e+04	9.904147705913345590e+01
1.036167123095171050e+01	1.788982590180257830e+04	9.426873570864005103e+01
1.037821008508137588e+01	1.784330467465261972e+04	9.353881339560194874e+01
1.039474900170425542e+01	1.786823779259615549e+04	9.876106135022986621e+01
1.041128798080941387e+01	1.789140118990531846e+04	8.532483646905566843e+01
1.042782702238591597e+01	1.782647868874517735e+04	9.061897830781724394e+01
1.044436612642282292e+01	1.786666734305487626e+04	9.526369315367254842e+01
1.046090529290919946e+01	1.787076456168444565e+04	9.175760882613630542e+01
1.047744452183411035e+01	1.787064725451813138e+04	8.137864511852266958e+01
1.049398381318661855e+01	1.781235781111981123e+04	9.083934256533130736e+01
1.051052316695578526e+01	1.775934511972770269e+04	8.716869112061317537e+01
1.052706258313067877e+01	1.774832361004286940e+04	8.766333924731651450e+01
1.054360206170035497e+01	1.777504074520837457e+04	9.218137429303884289e+01
1.056014160265388568e+01	1.776238377943636078e+04	8.579027839081105355e+01
1.057668120598033035e+01	1.770736422839737497e+04	8.904315930026794490e+01
1.059322087166875015e+01	1.768141697726080747e+04	8.949952476914063482e+01
1.060976059970821339e+01	1.773209619018805824e+04	9.006448937329079740e+01
1.062630039008778127e+01	1.765993636346623680e+04	7.930163670914211593e+01
1.064284024279651675e+01	1.767081847951071541e+04	8.107339468293724849e+01
1.065938015782348458e+01	1.755222470217601585e+04	9.311700056062039721e+01
1.067592013515774774e+01	1.764065149987763289e+04	8.458729840975775005e+01
1.069246017478836741e+01	1.763743015512901911e+04	8.353950795792658823e+01
1.070900027670441013e+01	1.764089738117212255e+04	9.671992620143548436e+01
1.072554044089494063e+01	1.757445418405206510e+04	9.212659518156253569e+01
1.074208066734901834e+01	1.760534737860204041e+04	8.259747458848690371e+01
1.075862095605570978e+01	1.759301859558913566e+04	8.692768117286910012e+01
1.077516130700407615e+01	1.753431260012862549e+04	8.428621786064348953e+01
1.079170172018318219e+01	1.756132315473320341e+04	8.583102096732996245e+01
1.080824219558209265e+01	1.759154152167098073e+04	8.405600642209371642e+01
1.082478273318987050e+01	1.744986608366146538e+04	8.214107877856662299e+01
1.084132333299557516e+01	1.743557278626424159e+04	8.695614145301095732e+01
1.085786399498827670e+01	1.758432577240328828e+04	8.523778007926081557e+01
1.087440471915703455e+01	1.744692160612510270e+04	9.247985729122572707e+01
1.089094550549091167e+01	1.745037317849716055e+04	8.624427275279809635e+01
1.090748635397897459e+01	1.742975531648378819e+04	8.994644852924805889e+01
1.092402726461028450e+01	1.746918125953969138e+04	7.652752240056180710e+01
1.094056823737390438e+01	1.729311729357503646e+04	8.986136054561137598e+01
1.095710927225890075e+01	1.734006501149915857e+04	9.045555973474800737e+01
1.097365036925433479e+01	1.737303884518987252e+04	8.558452183583631268e+01
1.099019152834926949e+01	1.732173268183389882e+04	9.021339405900036468e+01
1.100673274953277136e+01	1.736994412961450871e+04	8.983619218041911836e+01
1.102327403279389983e+01	1.733546480236216303e+04	8.253917603197700714e+01
1.103981537812171965e+01	1.737716479350574082e+04	8.445292986644449229e+01
1.105635678550529732e+01	1.736026831636854331e+04	8.652307890922190836e+01
1.107289825493369406e+01	1.727004165152378846e+04	8.374680924438649754e+01
1.108943978639597105e+01	1.731647687114350992e+04	8.971545832829670530e+01
1.110598137988119660e+01	1.729380819879426417e+04	8.728496342939219232e+01
1.112252303537843012e+01	1.727039554706570925e+04	8.231348751529964147e+01
1.113906475287673636e+01	1.732715601143196182e+04	8.833088002255719573e+01
1.115560653236518185e+01	1.725767110634953497e+04	9.254063973784549546e+01
1.117214837383282600e+01	1.727155421542809199e+04	7.912962326665895318e+01
1.118869027726873178e+01	1.727166155513862395e+04	8.800791639095173480e+01
1.120523224266196571e+01	1.729265131294380262e+04	8.806597049507628583e+01
1.122177427000159078e+01	1.737861513902766092e+04	8.512067369953157936e+01
1.123831635927666994e+01	1.732941862179073360e+04	9.435879290274107234e+01
1.125485851047626618e+01	1.729590233478797018e+04	8.956021490786814354e+01
1.127140072358944423e+01	1.722258632267604844e+04	8.998287290887428469e+01
1.128794299860526529e+01	1.732165307604087866e+04	8.053340731742854075e+01
1.130448533551279588e+01	1.724697381706970191e+04	9.234267542270210072e+01
1.132102773430109721e+01	1.723874043139403148e+04	8.630551037170859274e+01
1.133757019495923224e+01	1.726093930981583253e+04	8.182123578096164351e+01
1.135411271747626749e+01	1.729352695352401133e+04	8.623808264283603364e+01
1.137065530184126594e+01	1.727881172172555671e+04	8.429842703949562122e+01
1.138719794804328700e+01	1.722594750731739623e+04	8.805282701249339539e+01
1.140374065607139897e+01	1.731576620403779452e+04	9.229145933538909219e+01
1.142028342591466306e+01	1.724550213005996557e+04	9.280885797347478672e+01
1.143682625756214222e+01	1.721087503672058665e+04	8.848437876835693316e+01
1.145336915100290121e+01	1.724040509724181175e+04	8.447641993015581363e+01
1.146991210622600477e+01	1.720774720307127063e+04	8.731271919246944435e+01
1.148645512322051232e+01	1.715179089975322131e+04	8.998365826464143424e+01
1.150299820197549217e+01	1.709969075675491331e+04	9.081766357961926417e+01
1.151954134248000372e+01	1.711203235988790402e+04	8.143260821754542178e+01
1.153608454472311173e+01	1.714148976118703285e+04	8.544850177413032100e+01
1.155262780869388273e+01	1.704668583189585479e+04	8.786475300434753422e+01
1.156917113438137612e+01	1.708321696821219666e+04	8.920249049979553035e+01
1.158571452177465488e+01	1.703848233611972682e+04	8.442813157182881412e+01
1.160225797086278732e+01	1.710370837360691803e+04	9.220561496129255374e+01
1.161880148163483462e+01	1.701581418056830444e+04	8.838077597373647620e+01
1.163534505407985797e+01	1.689588636256419704e+04	9.357844568376916072e+01
1.165188868818692391e+01	1.694425811103211163e+04	9.317168905799148604e+01
1.166843238394509541e+01	1.682854611687173747e+04	8.405148971772202060e+01
1.168497614134343188e+01	1.674848267408740503e+04	9.075284605408403138e+01
1.170151996037100339e+01	1.681846088886168582e+04	9.251083723452040886e+01
1.171806384101687115e+01	1.678919120382617984e+04	9.440974893079601316e+01
1.173460778327009457e+01	1.675483289227966088e+04	8.394988964140989651e+01
1.175115178711974195e+01	1.665578315419166029e+04	7.975094108823680017e+01
1.176769585255487627e+01	1.660792881443939405e+04	8.894285666537757606e+01
1.178423997956455693e+01	1.655142672406784550e+04	8.360983173595481333e+01
1.180078416813785402e+01	1.656344376742985332e+04	8.871264259461059964e+01
1.181732841826382518e+01	1.645787772327064158e+04	8.854486271245497164e+01
1.183387272993153694e+01	1.639380118240280717e+04	8.968812479828761752e+01
1.185041710313005225e+01	1.636831751057867768e+04	8.367358030881895559e+01
1.186696153784843411e+01	1.635266220591601996e+04	8.723322611788159975e+01
1.188350603407574546e+01	1.631877224529431987e+04	9.317965054607105913e+01
1.190005059180105107e+01	1.633532202574215262e+04	9.015490282742857175e+01
1.191659521101341568e+01	1.625805460521296118e+04	9.262206970624467317e+01
1.193313989170189870e+01	1.610184036994456255e+04	8.997335481272314439e+01
1.194968463385556845e+01	1.608642005227226218e+04	8.662667616340270627e+01
1.196622943746348433e+01	1.604921460068768647e+04	9.516531260382016910e+01
1.198277430251471110e+01	1.598315993428741967e+04	8.501523471499054097e+01
1.199931922899831349e+01	1.593845548391769444e+04	8.882231627463659152e+01
1.201586421690335449e+01	1.588989360513223255e+04	8.578972668457524264e+01
1.203240926621889706e+01	1.581485271658026977e+04	8.830124111862008363e+01
1.204895437693400417e+01	1.564904023619183681e+04	8.532456341060117211e+01
1.206549954903774236e+01	1.574786505340163967e+04	8.479087107759261244e+01
1.208204478251916925e+01	1.569134718381693892e+04	8.084486074035284275e+01
1.209859007736735492e+01	1.551933249620876995e+04	8.240741095118971771e+01
1.211513543357135880e+01	1.551359124417832027e+04	8.193133751568555567e+01
1.213168085112024563e+01	1.548886754082777406e+04	8.191837513973575824e+01
1.214822633000307839e+01	1.530877891562536570e+04	8.713022193890438416e+01
1.216477187020892181e+01	1.533712206730877188e+04	8.746751535940880729e+01
1.218131747172683710e+01	1.538275621680596123e+04	7.736388042604792759e+01
1.219786313454588900e+01	1.521711578888571785e+04	7.797514914564523281e+01
1.221440885865514225e+01	1.508597317942118934e+04	7.815481244854470333e+01
1.223095464404365806e+01	1.505612086185125736e+04	8.630779563602338555e+01
1.224750049070050295e+01	1.502648431101811184e+04	8.857669812501123374e+01
1.226404639861473811e+01	1.495975458852868360e+04	7.910617198717640974e+01
1.228059236777542651e+01	1.492820480223927007e+04	8.288602675561446631e+01
1.229713839817163290e+01	1.491850082341673078e+04	8.317395871293000198e+01
1.231368448979242025e+01	1.480531709942064299e+04	8.090148919140717965e+01
1.233023064262685153e+01	1.484416475626288411e+04	7.237938340192569342e+01
1.234677685666399327e+01	1.468205353102580557e+04	7.999903503498813961e+01
1.236332313189290666e+01	1.465886081371490218e+04	8.569389128509219233e+01
1.237986946830265289e+01	1.455910814595543707e+04	8.585444798216531126e+01
1.239641586588230027e+01	1.449392695807431301e+04	6.853003772391517145e+01
1.241296232462090821e+01	1.446600561180328623e+04	7.875402957072451215e+01
1.242950884450754145e+01	1.440694213414496153e+04	6.981314033387300810e+01
1.244605542553126476e+01	1.430391789479345971e+04	7.629329220821283286e+01
1.246260206768114109e+01	1.437195825785578745e+04	7.761741285802250445e+01
1.247914877094623165e+01	1.432585028164690448e+04	7.443637392665945640e+01
1.249569553531560473e+01	1.430581060897614225e+04	7.652000991475713931e+01
1.251224236077831975e+01	1.416630141576779897e+04	8.530340303137656122e+01
1.252878924732343968e+01	1.413914137176028089e+04	7.626509898998621395e+01
1.254533619494003283e+01	1.417052989045056711e+04	7.846998559032554965e+01
1.256188320361715860e+01	1.401022159594337791e+04	7.422836341387208847e+01
1.257843027334387997e+01	1.397862430022538501e+04	8.968369848825783208e+01
1.259497740410926347e+01	1.402426354860948595e+04	7.578341212703945473e+01
1.261152459590237029e+01	1.398085880566819105e+04	8.142337158984123846e+01
1.262807184871226518e+01	1.388047977207578697e+04	7.512287524838464492e+01
1.264461916252801110e+01	1.381873016298730181e+04	8.430803336681873361e+01
1.266116653733867281e+01	1.386627741700615843e+04	7.754670652483487459e+01
1.267771397313330972e+01	1.382553045358744930e+04	7.784456434511398015e+01
1.269426146990099014e+01	1.378484008248546706e+04	7.589239250458530250e+01
1.271080902763077525e+01	1.376383444417006649e+04	7.365950355952568884e+01
1.272735664631172803e+01	1.382727994193194718e+04	7.641817353895577014e+01
1.274390432593291500e+01	1.376765281907049757e+04	7.544376032471882354e+01
1.276045206648339736e+01	1.379808985357866368e+04	6.990201310447883998e+01
1.277699986795223630e+01	1.373951805393515679e+04	8.003693642506847539e+01
1.279354773032850012e+01	1.378327611098066518e+04	7.915798761057655497e+01
1.281009565360125002e+01	1.386397023387359513e+04	6.231485083203046571e+01
1.282664363775954719e+01	1.383930507376884816e+04	8.157739537993555246e+01
1.284319168279245993e+01	1.372042707460173369e+04	7.000649118806808247e+01
1.285973978868904943e+01	1.386832030353604569e+04	6.830409325961349509e+01
1.287628795543837690e+01	1.386305249272179208e+04	6.705634156322317097e+01
1.289283618302950885e+01	1.388763417605084214e+04	5.744013801717760259e+01
1.290938447145150825e+01	1.381140997908052668e+04	6.811937250091544627e+01
1.292593282069343630e+01	1.388226545300492216e+04	5.742878848077821630e+01
1.294248123074435952e+01	1.390255907777717039e+04	6.409932903907817092e+01
1.295902970159334266e+01	1.384750080436324606e+04	7.019558660856549182e+01
1.297557823322944337e+01	1.390030918807603848e+04	6.667613337453502709e+01
1.299212682564172994e+01	1.395364062783670670e+04	5.905190960115682941e+01
1.300867547881926534e+01	1.389655107699613836e+04	6.455647646902984604e+01
1.302522419275110899e+01	1.396865291093591986e+04	5.695754766470130193e+01
1.304177296742633096e+01	1.404540188662213041e+04	5.906417826380899783e+01
1.305832180283399069e+01	1.401666474517848292e+04	6.247848999949587068e+01
1.307487069896315113e+01	1.403194535278082003e+04	5.788094373718040231e+01
1.309141965580287881e+01	1.408111122573037392e+04	5.830270897231551430e+01
1.310796867334223492e+01	1.408160085106146471e+04	5.547730195104077211e+01
1.312451775157028244e+01	1.417913504054937766e+04	5.774572034861680692e+01
1.314106689047608789e+01	1.415163875852262026e+04	5.145168442897067962e+01
1.315761609004871246e+01	1.423587364335633902e+04	5.469365819176987742e+01
1.317416535027721736e+01	1.420354657141393000e+04	5.204933028757240976e+01
1.319071467115067087e+01	1.425195117688416394e+04	5.967113716797000222e+01
1.320726405265813597e+01	1.430276187974914865e+04	5.845224995961141445e+01
1.322381349478867030e+01	1.428635227652661706e+04	5.550602517834366267e+01
1.324036299753134394e+01	1.431790930126366766e+04	5.504994486986943514e+01
1.325691256087521808e+01	1.435871227081464895e+04	5.426453962334472436e+01
1.327346218480935569e+01	1.449099754772946835e+04	5.463233434623538898e+01
1.329001186932282152e+01	1.451020143915322114e+04	5.766582965714838593e+01
1.330656161440467677e+01	1.450400690312865663e+04	5.897854257325288074e+01
1.332311142004398796e+01	1.455088010400940220e+04	5.406496814849587196e+01
1.333966128622981628e+01	1.455151805823506220e+04	5.697068020016149603e+01
1.335621121295122649e+01	1.458003213160568157e+04	5.556979078198674671e+01
1.337276120019728154e+01	1.467807270721332679e+04	5.428610809851756613e+01
1.338931124795704442e+01	1.467990642551757264e+04	5.505825415329579187e+01
1.340586135621957808e+01	1.473782464662607345e+04	5.559349619031287659e+01
1.342241152497394907e+01	1.475392171218644398e+04	5.486526617682606144e+01
1.343896175420921857e+01	1.483180438468375178e+04	5.055415090342816598e+01
1.345551204391444955e+01	1.488444053476538647e+04	5.105042899649308907e+01
1.347206239407870854e+01	1.491732262965881273e+04	5.576618426420607477e+01
1.348861280469105495e+01	1.493187782576095196e+04	5.569453875508174434e+01
1.350516327574055353e+01	1.497914277204816972e+04	5.202640953532218759e+01
1.352171380721627081e+01	1.496792953992112780e+04	5.394026118150510740e+01
1.353826439910726798e+01	1.496888983575688326e+04	5.922333917405629933e+01
1.355481505140260445e+01	1.500477591722379657e+04	5.587648480992871214e+01
1.357136576409135209e+01	1.501172016019572038e+04	5.114773918128525310e+01
1.358791653716256853e+01	1.503289519864050089e+04	5.647435502113072658e+01
1.360446737060531852e+01	1.502254257662775672e+04	5.857207833603604996e+01
1.362101826440866681e+01	1.514077454821134052e+04	5.195312006582380349e+01
1.363756921856167459e+01	1.509638066674862421e+04	5.580514434452059191e+01
1.365412023305340661e+01	1.515640298322206218e+04	5.290905041034476142e+01
1.367067130787292761e+01	1.517033388089857908e+04	5.615746762070022413e+01
1.368722244300930058e+01	1.512709780765734831e+04	5.367241568340916302e+01
1.370377363845158492e+01	1.516354207015311840e+04	5.258271028132018898e+01
1.372032489418885071e+01	1.523889614448033171e+04	4.907797877801114339e+01
1.373687621021015737e+01	1.519895171525010301e+04	5.307503054131388609e+01
1.375342758650456787e+01	1.514068382972301151e+04	5.818834324441214534e+01
1.376997902306115051e+01	1.519433414708484997e+04	5.463309291892507247e+01
1.378653051986896294e+01	1.519521679140712877e+04	5.478445078559499848e+01
1.380308207691707167e+01	1.512985892355991746e+04	5.514851559126535108e+01
1.381963369419453969e+01	1.518003714294418387e+04	5.345826876280069229e+01
1.383618537169042995e+01	1.522795332907967895e+04	5.282156290840803337e+01
1.385273710939380720e+01	1.514958540859093409e+04	5.011311159303722462e+01
1.386928890729373443e+01	1.511197244225666145e+04	5.055182175090561714e+01
1.388584076537927459e+01	1.514565199408808985e+04	5.492007304619724550e+01
1.390239268363949066e+01	1.510620600520807784e+04	5.514887513359345661e+01
1.391894466206344738e+01	1.511690665492264088e+04	5.512356676890430407e+01
1.393549670064020773e+01	1.510727120877381458e+04	5.342666815386930068e+01
1.395204879935883469e+01	1.507181622525119201e+04	4.967660471725153570e+01
1.396860095820839476e+01	1.507015531371529687e+04	5.487656383832438678e+01
1.398515317717794737e+01	1.502627401337361334e+04	5.264257939625504434e+01
1.400170545625655727e+01	1.494598372528712753e+04	4.989052337101021806e+01
1.401825779543328920e+01	1.495180962118936986e+04	5.008113200683487776e+01
1.403481019469720614e+01	1.491596750017018348e+04	4.996434177743566352e+01
1.405136265403736928e+01	1.493653632834050222e+04	5.045669001654225383e+01
1.406791517344284692e+01	1.487255337387282634e+04	5.104236290677222598e+01
1.408446775290269848e+01	1.482965410547816646e+04	5.303704127392086320e+01
1.410102039240598693e+01	1.479751283232450442e+04	5.119823417110650610e+01
1.411757309194178056e+01	1.476971224390775751e+04	5.100727891128573788e+01
1.413412585149913880e+01	1.471294974646506671e+04	5.152002812920034813e+01
1.415067867106712463e+01	1.468910272714961866e+04	5.183733106793416567e+01
1.416723155063480455e+01	1.465314123339350408e+04	5.146107656285945353e+01
1.418378449019124155e+01	1.461731164299756711e+04	4.852616941132767181e+01
1.420033748972549503e+01	1.460047903662613317e+04	4.822983060278626510e+01
1.421689054922663509e+01	1.456088524544874963e+04	5.170745289984446202e+01
1.423344366868372113e+01	1.449702924577812882e+04	4.769666110923895985e+01
1.424999684808581435e+01	1.445156401557261233e+04	5.280461426534368030e+01
1.426655008742198483e+01	1.440381557352040363e+04	5.252053085091992557e+01
1.428310338668129198e+01	1.441312540266267206e+04	5.111453778477967802e+01
1.429965674585279700e+01	1.437102109331343308e+04	4.996465414237377445e+01
1.431621016492556819e+01	1.429329006370378193e+04	4.997116932860399174e+01
1.433276364388866853e+01	1.428348764692154145e+04	4.574070750432074561e+01
1.434931718273115564e+01	1.427705390119066215e+04	4.846984521009461133e+01
1.436587078144210139e+01	1.417547441208323653e+04	5.139400502544111760e+01
1.438242444001056342e+01	1.413904837387547377e+04	4.776980653010328126e+01
1.439897815842560824e+01	1.408066059924550427e+04	4.637619642983617041e+01
1.441553193667629706e+01	1.402916912550975576e+04	4.954630297203939904e+01
1.443208577475169641e+01	1.405253591854666956e+04	4.719316094257591487e+01
1.444863967264086213e+01	1.396268324810804370e+04	4.354376078436030184e+01
1.446519363033286787e+01	1.394686327373603854e+04	4.756851143871754317e+01
1.448174764781677304e+01	1.388431339409084467e+04	4.813664713069091050e+01
1.449830172508164061e+01	1.392152078402759798e+04	4.992672097988285884e+01
1.451485586211653356e+01	1.381647128238137157e+04	5.018969377937758480e+01
1.453141005891051663e+01	1.381698810345006132e+04	4.690863856933270881e+01
1.454796431545264923e+01	1.374828169593340135e+04	4.804172202059010743e+01
1.456451863173200145e+01	1.363414933122953516e+04	5.009818829229520531e+01
1.458107300773763448e+01	1.362891414313107452e+04	4.621649968971878053e+01
1.459762744345860952e+01	1.358997794796770177e+04	4.634714244585037335e+01
1.461418193888399308e+01	1.357309910802102968e+04	4.531814178773068846e+01
1.463073649400284637e+01	1.350880824017108716e+04	4.224134276258951104e+01
1.464729110880423057e+01	1.347414518752851291e+04	4.447724307921895104e+01
1.466384578327721577e+01	1.341823252607115137e+04	4.559634908718560808e+01
1.468040051741086138e+01	1.336567727297539204e+04	4.713967470157312789e+01
1.469695531119423215e+01	1.334089865966474827e+04	4.322521811820522686e+01
1.471351016461639105e+01	1.330374267242774295e+04	4.501532158227548308e+01
1.473006507766640105e+01	1.331217661474011220e+04	4.495079635798919782e+01
1.474662005033332335e+01	1.320429008735444222e+04	4.569060615912344048e+01
1.476317508260622624e+01	1.320437813448260567e+04	4.198758188033539795e+01
1.477973017447417270e+01	1.311039080216856382e+04	4.049380576933197773e+01
1.479628532592622214e+01	1.313616023359683459e+04	4.279655704428785157e+01
1.481284053695144287e+01	1.309739814051276880e+04	4.198014003622001411e+01
1.482939580753889608e+01	1.302553725644630322e+04	4.377330124077637663e+01
1.484595113767763941e+01	1.301962894052929187e+04	4.522282309694969626e+01
1.486250652735674826e+01	1.295740372716509228e+04	4.312495943196299919e+01
1.487906197656527851e+01	1.293104208134683358e+04	4.679804731776953730e+01
1.489561748529229490e+01	1.289481039083128780e+04	4.255849101169412307e+01
1.491217305352686218e+01	1.283775396957458725e+04	4.199342147891153587e+01
1.492872868125803976e+01	1.286596445541047069e+04	4.079048310330667704e+01
1.494528436847489772e+01	1.283122887507697487e+04	4.384966121305946984e+01
1.496184011516649548e+01	1.273825406657388521e+04	4.505340850416205711e+01
1.497839592132189601e+01	1.277162508584406351e+04	4.010844140059838736e+01
1.499495178693016584e+01	1.274415932963364685e+04	3.970923279182349575e+01
1.501150771198036615e+01	1.270629052006990059e+04	4.043241590073525771e+01
1.502806369646155638e+01	1.271420595548241181e+04	4.511093744298431574e+01
1.504461974036281013e+01	1.265800987514960798e+04	4.121051454425128924e+01
1.506117584367318329e+01	1.268106245667987605e+04	4.004903783368261827e+01
1.507773200638174238e+01	1.263019319735504905e+04	4.001009161449176332e+01
1.509428822847754859e+01	1.258575306583586644e+04	4.258479468530570955e+01
1.511084450994966843e+01	1.258138742659119998e+04	4.297229361584764007e+01
1.512740085078715779e+01	1.254600733557287458e+04	4.034705655095029897e+01
1.514395725097909207e+01	1.251023689874745105e+04	4.295962944775469339e+01
1.516051371051452712e+01	1.246923484199261293e+04	4.053046956692214309e+01
1.517707022938252770e+01	1.249821124927875644e+04	4.148903182226403175e+01
1.519362680757215855e+01	1.248989561866813892e+04	4.135264336135960406e+01
1.521018344507248266e+01	1.243090704773526522e+04	3.883771337840579463e+01
1.522674014187255942e+01	1.238945160922793730e+04	4.029998673268261911e+01
1.524329689796145892e+01	1.242593830727590830e+04	4.042213294644738397e+01
1.525985371332824059e+01	1.240872760855900196e+04	4.151276669293366695e+01
1.527641058796197093e+01	1.241406866741834892e+04	3.768663976941486027e+01
1.529296752185171115e+01	1.235810547587212022e+04	3.762842568332979454e+01
1.530952451498652422e+01	1.237584769954183867e+04	3.889531972048425956e+01
1.532608156735547311e+01	1.226762883393386437e+04	4.124059269060186494e+01
1.534263867894762434e+01	1.230926153245512796e+04	4.250669125127366499e+01
1.535919584975204089e+01	1.230932715442958397e+04	4.094438072408902229e+01
1.537575307975778571e+01	1.228475386508522570e+04	3.986078323728604289e+01
1.539231036895392180e+01	1.226998726169989823e+04	3.924374216092325440e+01
1.540886771732950855e+01	1.222571967107503224e+04	4.100290281786247704e+01
1.542542512487361606e+01	1.226203453728248860e+04	3.623557046530264358e+01
1.544198259157530551e+01	1.221618810586850122e+04	3.846402271754803337e+01
1.545854011742364165e+01	1.218706897441850197e+04	3.930799602222616329e+01
1.547509770240768567e+01	1.218390521097950841e+04	3.982267404091587792e+01
1.549165534651650056e+01	1.210978363246186564e+04	3.944326398232725239e+01
1.550821304973915282e+01	1.213469757299485354e+04	4.082785626175775917e+01
1.552477081206470366e+01	1.212010749951487924e+04	4.035251278499548278e+01
1.554132863348221782e+01	1.208894319753685340e+04	3.923760951354513793e+01
1.555788651398075828e+01	1.209851552528074171e+04	3.975845567939347092e+01
1.557444445354938800e+01	1.208806314323136030e+04	3.888856731111363985e+01
1.559100245217716996e+01	1.202800078695027150e+04	3.865726570353991320e+01
1.560756050985317067e+01	1.208083396751727560e+04	4.070367839200634563e+01
1.562411862656644779e+01	1.208014327458677326e+04	3.869476493993492738e+01
1.564067680230607316e+01	1.207105375024912792e+04	3.825709122152634478e+01
1.565723503706110442e+01	1.200026816713599510e+04	3.642541553315394509e+01
1.567379333082060455e+01	1.198650721278274432e+04	3.860500457071795211e+01
1.569035168357364007e+01	1.203454979835291488e+04	3.772754714722160685e+01
1.570691009530927396e+01	1.199054261268879418e+04	3.726183097920257836e+01
1.572346856601656739e+01	1.194647190438294274e+04	3.984404409120535462e+01
1.574002709568458691e+01	1.196832859949133490e+04	3.912035832827880455e+01
1.575658568430239548e+01	1.198176990412139276e+04	3.879209178539765190e+01
1.577314433185905429e+01	1.198485164765565423e+04	3.946513887303391499e+01
1.578970303834362809e+01	1.194030229792401951e+04	3.897030212180348485e+01
1.580626180374518164e+01	1.194112780502300666e+04	3.760866532546805985e+01
1.582282062805277612e+01	1.197334153504197820e+04	3.693443565218729674e+01
1.583937951125547627e+01	1.187492671422629610e+04	3.751885699296632737e+01
1.585593845334234508e+01	1.193078254560800633e+04	3.745355417938448284e+01
1.587249745430244907e+01	1.194620967318420298e+04	3.798106761535758125e+01
1.588905651412484765e+01	1.191779501261350742e+04	3.877023455861435508e+01
1.590561563279860735e+01	1.188785584304332588e+04	4.035123075368346690e+01
1.592217481031278759e+01	1.187310521463161058e+04	3.835291482726682233e+01
1.593873404665645488e+01	1.187564551978520467e+04	3.963775686551384325e+01
1.595529334181867220e+01	1.187896101266175901e+04	3.595215489667269537e+01
1.597185269578850431e+01	1.187022844629171777e+04	3.888351373003982303e+01
1.598841210855501416e+01	1.186304456494785882e+04	3.800070258652769439e+01
1.600497158010726295e+01	1.184237005614721784e+04	3.561983413563405776e+01
1.602153111043431366e+01	1.187374128312610628e+04	3.830457910884508976e+01
1.603809069952523814e+01	1.186411208676772367e+04	3.606924911785703358e+01
1.605465034736909047e+01	1.182666629192907385e+04	3.692245138763411916e+01
1.607121005395493896e+01	1.184380232445051661e+04	3.679033544497495711e+01
1.608776981927184124e+01	1.183295954615398477e+04	3.660209246326005683e+01
1.610432964330887273e+01	1.179423539059839823e+04	3.993556446138807559e+01
1.612088952605507686e+01	1.183773158508738197e+04	3.801784968198902703e+01
1.613744946749953968e+01	1.180434488248718299e+04	3.765730724631352899e+01
1.615400946763131174e+01	1.183939060716520362e+04	3.959768903511059079e+01
1.617056952643946133e+01	1.178554693795269122e+04	3.717607981182329979e+01
1.618712964391304610e+01	1.181927942418954626e+04	3.757709504337305617e+01
1.620368982004113789e+01	1.186520566069581037e+04	3.651648628951194553e+01
1.622025005481279081e+01	1.184054644379194724e+04	3.637558606775694869e+01
1.623681034821707669e+01	1.179693260811825712e+04	3.691833092576870001e+01
1.625337070024305319e+01	1.183950522972945691e+04	3.580887829391363653e+01
1.626993111087979216e+01	1.182398433985438896e+04	3.882191237957448493e+01
1.628649158011634412e+01	1.181373610421511330e+04	3.687385498160671204e+01
1.630305210794178450e+01	1.178707266764010092e+04	3.858884357718793723e+01
1.631961269434516382e+01	1.180109221514895216e+04	3.615463766124518230e+01
1.633617333931556104e+01	1.180026951072967131e+04	3.871773193589749695e+01
1.635273404284203025e+01	1.179528985126997213e+04	3.475436674550203975e+01
1.636929480491363975e+01	1.182229451424699073e+04	3.672553521619492045e+01
1.638585562551944719e+01	1.181532496171339153e+04	3.461823322591919805e+01
1.640241650464852086e+01	1.181407906817556977e+04	3.534883850880792266e+01
1.641897744228991840e+01	1.181264871369507637e+04	3.328688438090825485e+01
1.643553843843271167e+01	1.177449430194546585e+04	3.530609872241620195e+01
1.645209949306595831e+01	1.181454694461108375e+04	3.537499516194525739e+01
1.646866060617872307e+01	1.178857661907023066e+04	3.805657710456284804e+01
1.648522177776007069e+01	1.176310040872693935e+04	3.783607719248317380e+01
1.650178300779906593e+01	1.177886990296902695e+04	3.539439970552268022e+01
1.651834429628476286e+01	1.175529435998898589e+04	3.524090180482996715e+01
1.653490564320624046e+01	1.176364876319435643e+04	3.506152009052985363e+01
1.655146704855254924e+01	1.178764278874802767e+04	3.357215843364011221e+01
1.656802851231276108e+01	1.180311316735037144e+04	3.559947399902269893e+01
1.658459003447593005e+01	1.179822823186490496e+04	3.561526776152607709e+01
1.660115161503113157e+01	1.175689676250305092e+04	3.540200864758171662e+01
1.661771325396741616e+01	1.174691354902489729e+04	3.584255201913240541e+01
1.663427495127386280e+01	1.174047923750581685e+04	3.430120644814583386e+01
1.665083670693951845e+01	1.178808212063515748e+04	3.338018275564596138e+01
1.666739852095346208e+01	1.174645159305696507e+04	3.161317919349244576e+01
1.668396039330474423e+01	1.175097632082604287e+04	3.846863133362502651e+01
1.670052232398243675e+01	1.174473153827807073e+04	3.402256327129279612e+01
1.671708431297559372e+01	1.173898391337405519e+04	3.434316165067200188e+01
1.673364636027329055e+01	1.172676998940352860e+04	3.560204232051587780e+01
1.675020846586458489e+01	1.170775028841707717e+04	3.711863040864129459e+01
1.676677062973854149e+01	1.171066643495743665e+04	3.742604756937422650e+01
1.678333285188422153e+01	1.173932686033155187e+04	3.287255719356870287e+01
1.679989513229069331e+01	1.172253801946206295e+04	3.542486535046110419e+01
1.681645747094700738e+01	1.168727027088857722e+04	3.443837372321311108e+01
1.683301986784224624e+01	1.166228467012034162e+04	3.362476118928343993e+01
1.684958232296546043e+01	1.164776164444983806e+04	3.496733425600852030e+01
1.686614483630571826e+01	1.164096315300315473e+04	3.316993986997484001e+01
1.688270740785208091e+01	1.164776737293727638e+04	3.761427580426516926e+01
1.689927003759361668e+01	1.167412462668159424e+04	3.425127509934194592e+01
1.691583272551937611e+01	1.165078366772095615e+04	3.474614146251762037e+01
1.693239547161843817e+01	1.164503118545644065e+04	3.270872751877130469e+01
1.694895827587986048e+01	1.160760073703428861e+04	3.445524205242436722e+01
1.696552113829270780e+01	1.163035389772506096e+04	3.572615783299886516e+01
1.698208405884603778e+01	1.161963105755166907e+04	3.659208844208764333e+01
1.699864703752892225e+01	1.160539797372736211e+04	3.612089858453423830e+01
1.701521007433041177e+01	1.161247557798238813e+04	3.392581531626952795e+01
1.703177316923958529e+01	1.156063833248340052e+04	3.447588237525791754e+01
1.704833632224549689e+01	1.155425989309793658e+04	3.588417190322146411e+01
1.706489953333721843e+01	1.153825621073210459e+04	3.161932472318676801e+01
1.708146280250380400e+01	1.149815969798323931e+04	3.513824196828631585e+01
1.709802612973432190e+01	1.153378643415610350e+04	3.364964224892844413e+01
1.711458951501782977e+01	1.151985874402682020e+04	3.504850760325575010e+01
1.713115295834340301e+01	1.147993974946630988e+04	3.488421251646341403e+01
1.714771645970009217e+01	1.145428696186946217e+04	3.497006645509527800e+01
1.716428001907697265e+01	1.149165915006393516e+04	3.543068739566654557e+01
1.718084363646309498e+01	1.148172597123955893e+04	3.393981650544328232e+01
1.719740731184753457e+01	1.140564408507903136e+04	3.520350887585303212e+01
1.721397104521934551e+01	1.144888485298753585e+04	3.538452747036289026e+01
1.723053483656759965e+01	1.142169819499225559e+04	3.537163449402414273e+01
1.724709868588135464e+01	1.136533629911833486e+04	3.521869834980906688e+01
1.726366259314967877e+01	1.133898899535005694e+04	3.441233752552360414e+01
1.728022655836162969e+01	1.132882860240169794e+04	3.399482446790566570e+01
1.729679058150627569e+01	1.132796109022081146e+04	3.279648398146502331e+01
1.731335466257267086e+01	1.130336167431626200e+04	3.289609932942106951e+01
1.732991880154989772e+01	1.128326914166643473e+04	3.679520620860235169e+01
1.734648299842699970e+01	1.127542035800309168e+04	3.567943291180650078e+01
1.736304725319305575e+01	1.122832167104610562e+04	3.595122209058426677e+01
1.737961156583711642e+01	1.125714722645123038e+04	3.239036406010485081e+01
1.739617593634825710e+01	1.121068127219890084e+04	3.475494201212585210e+01
1.741274036471552833e+01	1.118316166757882820e+04	3.459339159092652949e+01
1.742930485092800552e+01	1.120389009049374727e+04	3.106128234732362969e+01
1.744586939497474631e+01	1.112405260332936086e+04	3.561343756296559349e+01
1.746243399684481901e+01	1.116784217383920623e+04	3.484871735761393552e+01
1.747899865652727769e+01	1.114111865284905070e+04	3.403985881893358112e+01
1.749556337401119421e+01	1.109839456140728362e+04	3.386951890546685462e+01
1.751212814928562622e+01	1.106922056802535371e+04	3.278712767106960513e+01
1.752869298233964557e+01	1.104110640344357125e+04	3.403615496819269737e+01
1.754525787316230634e+01	1.103118167596956118e+04	3.440669492759862180e+01
1.756182282174268039e+01	1.101953521247405661e+04	3.623509130226741348e+01
1.757838782806982181e+01	1.100406953327290103e+04	3.407743071580953398e+01
1.759495289213280245e+01	1.097754601103403911e+04	3.542296804857452486e+01
1.761151801392067995e+01	1.094288493273380300e+04	3.537100555264468937e+01
1.762808319342252616e+01	1.095270473878268604e+04	3.349806552539556037e+01
1.764464843062739519e+01	1.090620763519877983e+04	3.367816318767713568e+01
1.766121372552435531e+01	1.091932817938094013e+04	3.200994868183374109e+01
1.767777907810246774e+01	1.085436821811096888e+04	3.348860499464172591e+01
1.769434448835079721e+01	1.083774707060027322e+04	3.333078632261815244e+01
1.771090995625840847e+01	1.083369576787834740e+04	3.321176178741241358e+01
1.772747548181436628e+01	1.081831834778403936e+04	3.148097602235239023e+01
1.774404106500772826e+01	1.080792808178939231e+04	3.199786892966995921e+01
1.776060670582756273e+01	1.077691476422212145e+04	3.121962830971035885e+01
1.777717240426293088e+01	1.078603486627439270e+04	3.499720522762098085e+01
1.779373816030289746e+01	1.075847635335250925e+04	3.115720004051241787e+01
1.781030397393652365e+01	1.072683552211704955e+04	3.119342292636283531e+01
1.782686984515287776e+01	1.067181316856299964e+04	3.291743672197892323e+01
1.784343577394101743e+01	1.070177567449648450e+04	3.146895350453326401e+01
1.786000176029001452e+01	1.065630796987793292e+04	3.240158817101062283e+01
1.787656780418892311e+01	1.067064391145973786e+04	3.027215296554332014e+01
1.789313390562681150e+01	1.061775787409313853e+04	3.120779356871534560e+01
1.790970006459274089e+01	1.062487288580276800e+04	3.306855568646294330e+01
1.792626628107577957e+01	1.060488051662875660e+04	3.445580910204390079e+01
1.794283255506498520e+01	1.058346791246436624e+04	3.103069294565846548e+01
1.795939888654942607e+01	1.058827695936023520e+04	3.058979951036325318e+01
1.797596527551815981e+01	1.056402655739639158e+04	3.084762835085472332e+01
1.799253172196025474e+01	1.055450203693403455e+04	3.099280521934623067e+01
1.800909822586477205e+01	1.056079695342503692e+04	2.821162167927816711e+01
1.802566478722078358e+01	1.050820238243238418e+04	3.087476898883036114e+01
1.804223140601733633e+01	1.047353465616673020e+04	3.404825800986969142e+01
1.805879808224350924e+01	1.047231339932152332e+04	3.410014888835743108e+01
1.807536481588835642e+01	1.051076280779795707e+04	3.059657355123939482e+01
1.809193160694094615e+01	1.044668054504543034e+04	3.179898108606733587e+01
1.810849845539033964e+01	1.045790783040343013e+04	3.139661528512416311e+01
1.812506536122560163e+01	1.046178676605789951e+04	3.278591064746920836e+01
1.814163232443579332e+01	1.044132951418236189e+04	3.374963979068632369e+01
1.815819934500998656e+01	1.042535648089988536e+04	3.194459669562990456e+01
1.817476642293723188e+01	1.041874284121544406e+04	3.241681854017731723e+01
1.819133355820659759e+01	1.042527761766399090e+04	3.245948285619233076e+01
1.820790075080715198e+01	1.043029331363714300e+04	3.072441282099283910e+01
1.822446800072795625e+01	1.043227613863919032e+04	3.121586701016593324e+01
1.824103530795807160e+01	1.036858064263917186e+04	3.169347212676772685e+01
1.825760267248655921e+01	1.041756486063351986e+04	3.030323824310373126e+01
1.827417009430249450e+01	1.039725035973052763e+04	3.164179293173954477e+01
1.829073757339492801e+01	1.037335842182650958e+04	3.121150043701040744e+01
1.830730510975292447e+01	1.035513834668129857e+04	3.020584118721088274e+01
1.832387270336555929e+01	1.037899776265982655e+04	3.160543647802121825e+01
1.834044035422187946e+01	1.037227905655914583e+04	3.180528146304545700e+01
1.835700806231096038e+01	1.034131583116955881e+04	3.168320524123718585e+01
1.837357582762186325e+01	1.032636528738126071e+04	3.239916847629211105e+01
1.839014365014364571e+01	1.034039355534748756e+04	3.435789362277170511e+01
1.840671152986537606e+01	1.033005923513663583e+04	3.254357766050257084e+01
1.842327946677612260e+01	1.032195615713207371e+04	3.022525472983105388e+01
1.843984746086493942e+01	1.034084315894937026e+04	3.230190083459851991e+01
1.845641551212089126e+01	1.032398598995460270e+04	3.265312144865153954e+01
1.847298362053304999e+01	1.035478698987369717e+04	3.396481723535925568e+01
1.848955178609046968e+01	1.032230112655415360e+04	3.272884866759753208e+01
1.850612000878221863e+01	1.030497240355188296e+04	3.105091254843004478e+01
1.852268828859736161e+01	1.032278756744336715e+04	3.387060947294339286e+01
1.853925662552495979e+01	1.028322494783906404e+04	3.340166898477974655e+01
1.855582501955407437e+01	1.030946462367435743e+04	3.272870420210648490e+01
1.857239347067377366e+01	1.028401123421578814e+04	3.357726275100071689e+01
1.858896197887311530e+01	1.026356313347747709e+04	3.189132162439671703e+01
1.860553054414116758e+01	1.027914429969224147e+04	3.316856774041593781e+01
1.862209916646699170e+01	1.026596258151914299e+04	3.331777049336294283e+01
1.863866784583965952e+01	1.025671118439794373e+04	3.289558656847233920e+01
1.865523658224821801e+01	1.024982686071680655e+04	3.159019768431689812e+01
1.867180537568174614e+01	1.024076212719939940e+04	3.370175649799926987e+01
1.868837422612929799e+01	1.026220923638538443e+04	2.848179967654491307e+01
1.870494313357993832e+01	1.026993515920537720e+04	3.241535501552618115e+01
1.872151209802273542e+01	1.023627266802544000e+04	3.055476975633938963e+01
1.873808111944675048e+01	1.023670936789303596e+04	3.299310551920714829e+01
1.875465019784104470e+01	1.023731132175999664e+04	3.139392766791518241e+01
1.877121933319468639e+01	1.024998744085360522e+04	3.185701868936719450e+01
1.878778852549672962e+01	1.023713693894830431e+04	3.276650862904990191e+01
1.880435777473624626e+01	1.025452336066216230e+04	3.368884472759613402e+01
1.882092708090229749e+01	1.022268881358225917e+04	3.222672330181264755e+01
1.883749644398395162e+01	1.024523686372227530e+04	2.943734110708721730e+01
1.885406586397026274e+01	1.021803797853949800e+04	3.211500979995319227e+01
1.887063534085030270e+01	1.023987550588276281e+04	3.049451451104425459e+01
1.888720487461312914e+01	1.021271487347134462e+04	3.320578726601468844e+01
1.890377446524780680e+01	1.022072346087089318e+04	2.910989405241909012e+01
1.892034411274339689e+01	1.022387900483837802e+04	2.886353310697912278e+01
1.893691381708897481e+01	1.023368079688877151e+04	3.002303120162304850e+01
1.895348357827359109e+01	1.022322179346670237e+04	3.158840912538532208e+01
1.897005339628631404e+01	1.021640259425083423e+04	2.909140656856265750e+01
1.898662327111620129e+01	1.019787635765691448e+04	2.909667950304564599e+01
1.900319320275233181e+01	1.017762927711207703e+04	2.969527117312506448e+01
1.901976319118375258e+01	1.023765568654285016e+04	2.958052794595863588e+01
1.903633323639953545e+01	1.018832029469780537e+04	2.937741967712575430e+01
1.905290333838874162e+01	1.021659494220326451e+04	2.959601898243748153e+01
1.906947349714043582e+01	1.019992434645208778e+04	3.090722610355176769e+01
1.908604371264367572e+01	1.016472549625877218e+04	3.018557096105130810e+01
1.910261398488753670e+01	1.022092148466622893e+04	2.971894716836682093e+01
1.911918431386107287e+01	1.018502766246789361e+04	2.946898933045974545e+01
1.913575469955334896e+01	1.018012054721028107e+04	2.798457152703119988e+01
1.915232514195342972e+01	1.017764285298847790e+04	2.992380035190616994e+01
1.916889564105038346e+01	1.018716824828757672e+04	2.790242656588064563e+01
1.918546619683326071e+01	1.015697708400019110e+04	2.977608188097524433e+01
1.920203680929114043e+01	1.018772795982261232e+04	2.865042326522233296e+01
1.921860747841307315e+01	1.013178609704628252e+04	3.020336029270721312e+01
1.923517820418813429e+01	1.014034190729408147e+04	3.062469647635955994e+01
1.925174898660537437e+01	1.011114528107752994e+04	2.864559047128243208e+01
1.926831982565386880e+01	1.013481511290023263e+04	2.928706637375843513e+01
1.928489072132266813e+01	1.010271123902682120e+04	2.816248014864893889e+01
1.930146167360085130e+01	1.015384130199841093e+04	3.025234140656016990e+01
1.931803268247747241e+01	1.014692164041036813e+04	2.899669031755312787e+01
1.933460374794159620e+01	1.009885570333629403e+04	2.881733342117139784e+01
1.935117486998228742e+01	1.011243494907205604e+04	2.711470714559319717e+01
1.936774604858861082e+01	1.010450256549643564e+04	2.775742730907210287e+01
1.938431728374961693e+01	1.009303215918306159e+04	3.082191044300243732e+01
1.940088857545439183e+01	1.005829897361051917e+04	3.035628702558758718e+01
1.941745992369198248e+01	1.007432482223296029e+04	2.617867786874241531e+01
1.943403132845146075e+01	1.006202493818950097e+04	2.858393346951539016e+01
1.945060278972188073e+01	1.004586629353331955e+04	2.789980716643174219e+01
1.946717430749231781e+01	1.004225164571054847e+04	2.695797779223068247e+01
1.948374588175182254e+01	1.006512029631434052e+04	2.759172639439352537e+01
1.950031751248947387e+01	1.001391506046742870e+04	3.032973427275073774e+01
1.951688919969431879e+01	1.001307542521509822e+04	2.741591541058996384e+01
1.953346094335543626e+01	9.992005872604531760e+03	2.761217908820327338e+01
1.955003274346187681e+01	1.000518929116780055e+04	2.852987676493984637e+01
1.956660460000271229e+01	9.952194702137316199e+03	2.776710568916501742e+01
1.958317651296699680e+01	9.974975740806523390e+03	2.788543904025226183e+01
1.959974848234380929e+01	9.971014269407380198e+03	2.753133906041087187e+01
1.961632050812220029e+01	9.980872760709959039e+03	2.699232897539768672e+01
1.963289259029123812e+01	9.935169641928914643e+03	2.848190283430734127e+01
1.964946472883998396e+01	9.934667646348952985e+03	2.752391558615238409e+01
1.966603692375750612e+01	9.900733201592433034e+03	2.765165241642493399e+01
1.968260917503285867e+01	9.894235888980570962e+03	2.986149908036013656e+01
1.969918148265511704e+01	9.884326459264109872e+03	2.609155522915127179e+01
1.971575384661333530e+01	9.860182776359664786e+03	2.793575166616274430e+01
1.973232626689658531e+01	9.874067980853782501e+03	2.597701803414959443e+01
1.974889874349392116e+01	9.847728852522985107e+03	2.785881802249777195e+01
1.976547127639441470e+01	9.839930964157843846e+03	2.849616263997515020e+01
1.978204386558711647e+01	9.855195911949291258e+03	2.586995082055397432e+01
1.979861651106110898e+01	9.806963783185761713e+03	2.733034298677065266e+01
1.981518921280544276e+01	9.796193886265657056e+03	2.620738027878606502e+01
1.983176197080918612e+01	9.764643366650750977e+03	2.633731479878692738e+01
1.984833478506139670e+01	9.748758555182819691e+03	2.693024179983667565e+01
1.986490765555114990e+01	9.749036875687761494e+03	2.843689961824081891e+01
1.988148058226749271e+01	9.731790686280186492e+03	2.616811717644056756e+01
1.989805356519950408e+01	9.715853648795635308e+03	2.742640066380891284e+01
1.991462660433623455e+01	9.678941785764407541e+03	2.662860795293982008e+01
1.993119969966675953e+01	9.655541269745937825e+03	2.586499492285019031e+01
1.994777285118013666e+01	9.663469867120615163e+03	2.656433823739746458e+01
1.996434605886543068e+01	9.641838509673027147e+03	2.775699501191476770e+01
1.998091932271169568e+01	9.634434307777779395e+03	2.630372581346601280e+01
1.999749264270801064e+01	9.604248330608910692e+03	2.680791924116459768e+01
2.001406601884342962e+01	9.567775853529088636e+03	2.563931166422598906e+01
2.003063945110702448e+01	9.544936112742892874e+03	2.659198319940703570e+01
2.004721293948784577e+01	9.577603669092484779e+03	2.494976987619720177e+01
2.006378648397496889e+01	9.521921528765606126e+03	2.603884926302438529e+01
2.008036008455744437e+01	9.530900046368431504e+03	2.717280419650809264e+01
2.009693374122435117e+01	9.497193087330670096e+03	2.493456547273639146e+01
2.011350745396474338e+01	9.472407378670111939e+03	2.797070443332508560e+01
2.013008122276768930e+01	9.480375243673734076e+03	2.690593314375077227e+01
2.014665504762224302e+01	9.452159984828145753e+03	2.405430182298187347e+01
2.016322892851747994e+01	9.435583165968007961e+03	2.380455037429490872e+01
2.017980286544245416e+01	9.435385891648016695e+03	2.624704609208920658e+01
2.019637685838623753e+01	9.398692366067800322e+03	2.723647186266033415e+01
2.021295090733788413e+01	9.365760001719907450e+03	2.740459371326080174e+01
2.022952501228646938e+01	9.351727033495051728e+03	2.603740735411443197e+01
2.024609917322104380e+01	9.360176974405985675e+03	2.592687383086737896e+01
2.026267339013068280e+01	9.342164328888884484e+03	2.379953214678184281e+01
2.027924766300443693e+01	9.323191059321772627e+03	2.634963680118702811e+01
2.029582199183138158e+01	9.305680322902057014e+03	2.631795239903557970e+01
2.031239637660057440e+01	9.288818357701382411e+03	2.612775810088112038e+01
2.032897081730108368e+01	9.269609100320361904e+03	2.606296064838178239e+01
2.034554531392196353e+01	9.243770442840777832e+03	2.526477818705080836e+01
2.036211986645228933e+01	9.222993253137150532e+03	2.659325449720257240e+01
2.037869447488110808e+01	9.226446845209095045e+03	2.587097656262716683e+01
2.039526913919750228e+01	9.215230915310803539e+03	2.505372228211073704e+01
2.041184385939052603e+01	9.210677663812966784e+03	2.724616895524702542e+01
2.042841863544924408e+01	9.169000683112721163e+03	2.556539451193101442e+01
2.044499346736271406e+01	9.155334785278842901e+03	2.483302756484374285e+01
2.046156835512001138e+01	9.164814690064513343e+03	2.603446898055872438e+01
2.047814329871018657e+01	9.117465817604024778e+03	2.749215275840746031e+01
2.049471829812231505e+01	9.115518021211260930e+03	2.654193235363048942e+01
2.051129335334545090e+01	9.116817657315868928e+03	2.586768509427392715e+01
2.052786846436866597e+01	9.096852124355606065e+03	2.771514995886171562e+01
2.054444363118101435e+01	9.070745413225708035e+03	2.619872972991482740e+01
2.056101885377156790e+01	9.080316376812990711e+03	2.704285385887171245e+01
2.057759413212938071e+01	9.074444031713363074e+03	2.615483669935075994e+01
2.059416946624353173e+01	9.047752472324649716e+03	2.654182455813235464e+01
2.061074485610306795e+01	9.031314256021309120e+03	2.590441977474979396e+01
2.062732030169706476e+01	9.048358749671115220e+03	2.550346703937800896e+01
2.064389580301457627e+01	9.043703287935477420e+03	2.367479526263847944e+01
2.066047136004467433e+01	9.013574953275676307e+03	2.574932395296605137e+01
2.067704697277641301e+01	8.996754812349921849e+03	2.711506006331298479e+01
2.069362264119886774e+01	8.963372349894096260e+03	2.668854818589153410e+01
2.071019836530109259e+01	8.977648824981406506e+03	2.444025962765099536e+01
2.072677414507215587e+01	9.011617824306886178e+03	2.529238913030958713e+01
2.074334998050111523e+01	8.984028446768212234e+03	2.617037880027979213e+01
2.075992587157704605e+01	8.940001250397694093e+03	2.582127092115563372e+01
2.077650181828899179e+01	8.942094238195826620e+03	2.430063357747867059e+01
2.079307782062603849e+01	8.949493833724929573e+03	2.426485371014559433e+01
2.080965387857723670e+01	8.914426735282962909e+03	2.632473022874129143e+01
2.082622999213165471e+01	8.899653860484684628e+03	2.556635613122106321e+01
2.084280616127835017e+01	8.918388109977886415e+03	2.596700626384441080e+01
2.085938238600639139e+01	8.920400250813239836e+03	2.459783613684690451e+01
2.087595866630483599e+01	8.881572906293502456e+03	2.655869029927409741e+01
2.089253500216275938e+01	8.928607548555228277e+03	2.557059224008774123e+01
2.090911139356921566e+01	8.882249755994998850e+03	2.458141286119131053e+01
2.092568784051327313e+01	8.891200495000641240e+03	2.588831061759557528e+01
2.094226434298398942e+01	8.890213754369415255e+03	2.571438464121330725e+01
2.095884090097043284e+01	8.891494756099134975e+03	2.535213180483578199e+01
2.097541751446166103e+01	8.879528374398838423e+03	2.389510089974634255e+01
2.099199418344674584e+01	8.903853386800379667e+03	2.746842071559899523e+01
2.100857090791474491e+01	8.845157812232315337e+03	2.477777610074288006e+01
2.102514768785473009e+01	8.896965894067041518e+03	2.512840317157706593e+01
2.104172452325575193e+01	8.880463546653249068e+03	2.556811086700566094e+01
2.105830141410688228e+01	8.869272081665916630e+03	2.393344213165763534e+01
2.107487836039717877e+01	8.840527901427631150e+03	2.348050704790873056e+01
2.109145536211571326e+01	8.865445732414673330e+03	2.252354204228622692e+01
2.110803241925154339e+01	8.869331256980820399e+03	2.321660641361797417e+01
2.112460953179373746e+01	8.845545320530667595e+03	2.451045555386865615e+01
2.114118669973134956e+01	8.848256971375823923e+03	2.551243619133360596e+01
2.115776392305345510e+01	8.862927939202088965e+03	2.361003515151399412e+01
2.117434120174910461e+01	8.851569544030680845e+03	2.312789600016551006e+01
2.119091853580737350e+01	8.865500472718533274e+03	2.277914854715384152e+01
2.120749592521731941e+01	8.841971295986673795e+03	2.297969118534935618e+01
2.122407336996801064e+01	8.866595484017205308e+03	2.389567055651507488e+01
2.124065087004850128e+01	8.862861398685108725e+03	2.438198499380114370e+01
2.125722842544786673e+01	8.856299078846339398e+03	2.349035944140606347e+01
2.127380603615515398e+01	8.857025485955062322e+03	2.237896880769145014e+01
2.129038370215944553e+01	8.877073142523639035e+03	2.210275835048145154e+01
2.130696142344979194e+01	8.864355422521823130e+03	2.288310746580760480e+01
2.132353920001526504e+01	8.854390506480467593e+03	2.241672032845880480e+01
2.134011703184491893e+01	8.848925305274249695e+03	2.425521200764459095e+01
2.135669491892782901e+01	8.851131372101350280e+03	2.350417193340798505e+01
2.137327286125304227e+01	8.882966182324853435e+03	2.164256595229081981e+01
2.138985085880964121e+01	8.870265231455996400e+03	2.287562785712202285e+01
2.140642891158667638e+01	8.857364768325816840e+03	2.155690621259796202e+01
2.142300701957321607e+01	8.855805721838354657e+03	2.312276994380256667e+01
2.143958518275832148e+01	8.863777395770899602e+03	2.411561352717968276e+01
2.145616340113106091e+01	8.855416635038825916e+03	2.197915852979056694e+01
2.147274167468048489e+01	8.849309998620725310e+03	2.116558707465884126e+01
2.148932000339567594e+01	8.877808144723021542e+03	2.188166972542492061e+01
2.150589838726568459e+01	8.864932853875901856e+03	2.348267899132120107e+01
2.152247682627957914e+01	8.861928632346671293e+03	2.138327920160436335e+01
2.153905532042641724e+01	8.862181082700746629e+03	2.171528416078933432e+01
2.155563386969527429e+01	8.889185466062586784e+03	2.199701373631768320e+01
2.157221247407519726e+01	8.841759085761532333e+03	2.166822636028028271e+01
2.158879113355526513e+01	8.880992768336494919e+03	2.144734609013564963e+01
2.160536984812453198e+01	8.861249126222424820e+03	2.262527623695928369e+01
2.162194861777206611e+01	8.864975044182290731e+03	2.225573255358262514e+01
2.163852744248692872e+01	8.870576639114462523e+03	2.192500696728600218e+01
2.165510632225818455e+01	8.861732494012092502e+03	2.050895987620751271e+01
2.167168525707489124e+01	8.860795849237267248e+03	2.212463084722763540e+01
2.168826424692612420e+01	8.895948920170832935e+03	2.120019305011786415e+01
2.170484329180093397e+01	8.887709736153916310e+03	2.124541467007259854e+01
2.172142239168839595e+01	8.853929468379428727e+03	2.277443584201914106e+01
2.173800154657756423e+01	8.861576425996148828e+03	2.136766918956812233e+01
2.175458075645751066e+01	8.863988337431872424e+03	2.220192768383840587e+01
2.177116002131728578e+01	8.857204057682116400e+03	2.237094525069153406e+01
2.178773934114596500e+01	8.858202133659049650e+03	2.093744734908412042e+01
2.180431871593260951e+01	8.862855676049995964e+03	2.273261516165027629e+01
2.182089814566628405e+01	8.894093440541702876e+03	2.002390717765353045e+01
2.183747763033604272e+01	8.840125077803337263e+03	2.207145186851957419e+01
2.185405716993096092e+01	8.863651306645233490e+03	2.160687173144556894e+01
2.187063676444009275e+01	8.856468768894945242e+03	2.278214026874944764e+01
2.188721641385251004e+01	8.855428802388942131e+03	2.224237219497543805e+01
2.190379611815726690e+01	8.873106495193120281e+03	2.268720943026441716e+01
2.192037587734343873e+01	8.843744848713104147e+03	2.249134286994228304e+01
2.193695569140007962e+01	8.837895517748407656e+03	2.273268899161936929e+01
2.195353556031625786e+01	8.862279322333159143e+03	2.238463764283247670e+01
2.197011548408102755e+01	8.832216345878803622e+03	2.116539506837390761e+01
2.198669546268346409e+01	8.842150907074035786e+03	2.214120033893694384e+01
2.200327549611262867e+01	8.826808939155074768e+03	2.288864946555292335e+01
2.201985558435758250e+01	8.837272902336895640e+03	2.261252123630368871e+01
2.203643572740738676e+01	8.838817948802483443e+03	2.200119307170819383e+01
2.205301592525110976e+01	8.830022871913581184e+03	2.129996462499352106e+01
2.206959617787780559e+01	8.793827700124031253e+03	2.260248585666552401e+01
2.208617648527654964e+01	8.803032584945365670e+03	2.186938962582579649e+01
2.210275684743639957e+01	8.783473018439934094e+03	2.272761056228769050e+01
2.211933726434642367e+01	8.800686461772707844e+03	2.094080309116510819e+01
2.213591773599567958e+01	8.783917860180663411e+03	2.177239862044495666e+01
2.215249826237323205e+01	8.783872888828862415e+03	2.266432760974655025e+01
2.216907884346814228e+01	8.829470462520959700e+03	2.088516539734367328e+01
2.218565947926948212e+01	8.786208751632035273e+03	2.152427998462707848e+01
2.220224016976630566e+01	8.805369442838515170e+03	2.179578392137456433e+01
2.221882091494768474e+01	8.774702331226324532e+03	2.016258886872827460e+01
2.223540171480267347e+01	8.802542255257048964e+03	2.146294752275080953e+01
2.225198256932034369e+01	8.761420767190458719e+03	2.125126855480693422e+01
2.226856347848974949e+01	8.734118812073738809e+03	2.121861217567522573e+01
2.228514444229996982e+01	8.736718435098984628e+03	2.233777214492424079e+01
2.230172546074005524e+01	8.736273118016828448e+03	2.236672469277528563e+01
2.231830653379907403e+01	8.742559969805422952e+03	1.990419631245968901e+01
2.233488766146608384e+01	8.752212982870827545e+03	2.023466486504316464e+01
2.235146884373016007e+01	8.749435584730443225e+03	2.232692570599252235e+01
2.236805008058034971e+01	8.714410109687320073e+03	2.089950017448938269e+01
2.238463137200573172e+01	8.710320392353914940e+03	2.166591953643965596e+01
2.240121271799536018e+01	8.723571266557737545e+03	2.093974272513541379e+01
2.241779411853830695e+01	8.701704067947675867e+03	2.066143390108756250e+01
2.243437557362362611e+01	8.672673907391992543e+03	2.098518773836400086e+01
2.245095708324038952e+01	8.695363759815591038e+03	2.017661406695477311e+01
2.246753864737765127e+01	8.678488755430154924e+03	2.077605647091176877e+01
2.248412026602448321e+01	8.673614593967788096e+03	2.052146674801808501e+01
2.250070193916994654e+01	8.663851368278825248e+03	2.118767010014500585e+01
2.251728366680310245e+01	8.658830832712528718e+03	2.137654596523616846e+01
2.253386544891301568e+01	8.650194798575668756e+03	2.056519516970607953e+01
2.255044728548875455e+01	8.643491257557454446e+03	2.061666511529904611e+01
2.256702917651936957e+01	8.635230783310576953e+03	2.111002109761181700e+01
2.258361112199393972e+01	8.615688057503550226e+03	1.976156014545077610e+01
2.260019312190151908e+01	8.636588568738872709e+03	2.150792724756500718e+01
2.261677517623117595e+01	8.617681796693897923e+03	2.041630348601532319e+01
2.263335728497196797e+01	8.621137655693641136e+03	2.016521550425266440e+01
2.264993944811296345e+01	8.593292825849835936e+03	1.976318983893913384e+01
2.266652166564322002e+01	8.589836954079710267e+03	2.103180815252019187e+01
2.268310393755181309e+01	8.606901734529457826e+03	1.956938093300613701e+01
2.269968626382779320e+01	8.585166965576368966e+03	2.110410438424348811e+01
2.271626864446023575e+01	8.548767933825569344e+03	2.053634483133459909e+01
2.273285107943819128e+01	8.535490519710721856e+03	2.042713189933560614e+01
2.274943356875073519e+01	8.542374437916027091e+03	2.043362485028822562e+01
2.276601611238692158e+01	8.540874750642244180e+03	1.999583504319374327e+01
2.278259871033582229e+01	8.524996320455302339e+03	2.016304580897696042e+01
2.279918136258649142e+01	8.519593535407189847e+03	2.040313679736293651e+01
2.281576406912800081e+01	8.493522949121805141e+03	2.118485449266167464e+01
2.283234682994941167e+01	8.503699621453473810e+03	2.047369261927833506e+01
2.284892964503978519e+01	8.488797264812306821e+03	2.087511084730518718e+01
2.286551251438818255e+01	8.448353765985186328e+03	2.118111852810025653e+01
2.288209543798367562e+01	8.431915353161268285e+03	2.131695477711006248e+01
2.289867841581532204e+01	8.439542872228423221e+03	2.198057920182802150e+01
2.291526144787219010e+01	8.443106258828433056e+03	1.974662751299705477e+01
2.293184453414333390e+01	8.423292705324001872e+03	2.103816030342932564e+01
2.294842767461782884e+01	8.426055878161023429e+03	1.957546602190608809e+01
2.296501086928472191e+01	8.439589312270050868e+03	2.024036313150005029e+01
2.298159411813309561e+01	8.413225729585645240e+03	2.046432356269772512e+01
2.299817742115200403e+01	8.407131414233645046e+03	2.064481877557791378e+01
2.301476077833051193e+01	8.383704434481685894e+03	2.083816140033254527e+01
2.303134418965767694e+01	8.382432538446109902e+03	1.996428511266758221e+01
2.304792765512257446e+01	8.342653333866372122e+03	2.189603734776198607e+01
2.306451117471425505e+01	8.352222995013948093e+03	2.075422515431156967e+01
2.308109474842179409e+01	8.333103217428737480e+03	2.199334983952213918e+01
2.309767837623424569e+01	8.343636174487935932e+03	2.047184972703902872e+01
2.311426205814068169e+01	8.302338936174124683e+03	2.070895341162368197e+01
2.313084579413015973e+01	8.343349481550245400e+03	2.110005817574994325e+01
2.314742958419174457e+01	8.318248584243217920e+03	2.058818788190143678e+01
2.316401342831449384e+01	8.315510852753501240e+03	2.133457223630368915e+01
2.318059732648748650e+01	8.301317427749760100e+03	2.062691713558093909e+01
2.319718127869976954e+01	8.283191112222168158e+03	2.138756080798385995e+01
2.321376528494041835e+01	8.281806147339688323e+03	2.115298931282145034e+01
2.323034934519849060e+01	8.258792256189430191e+03	2.176522547260623597e+01
2.324693345946305101e+01	8.270950541810323557e+03	2.065898776974258766e+01
2.326351762772315723e+01	8.265116883344606322e+03	1.980486242338082192e+01
2.328010184996788468e+01	8.266727394560894027e+03	1.929120616987948367e+01
2.329668612618628742e+01	8.266789355129170872e+03	1.972444581151731313e+01
2.331327045636743733e+01	8.259787077466549817e+03	2.081670150470055347e+01
2.332985484050038849e+01	8.243135214909150818e+03	1.966862511664575308e+01
2.334643927857420564e+01	8.231857215344312863e+03	2.039553666015572730e+01
2.336302377057795709e+01	8.247309943654323433e+03	2.086008271069053421e+01
2.337960831650070759e+01	8.235613145443385292e+03	1.937837122451677629e+01
2.339619291633151477e+01	8.191675036789682053e+03	1.994660973428226569e+01
2.341277757005944693e+01	8.225616381397623627e+03	2.001807785699831754e+01
2.342936227767356527e+01	8.198980083393391396e+03	2.103254376646771462e+01
2.344594703916293099e+01	8.195862664808864793e+03	2.027538704133884551e+01
2.346253185451660883e+01	8.181431783352709317e+03	2.052160842755526815e+01
2.347911672372367065e+01	8.193809948741101834e+03	1.941017508846280393e+01
2.349570164677316697e+01	8.187035134560013830e+03	2.102843274101969939e+01
2.351228662365416966e+01	8.166321871634367199e+03	1.977884798136006950e+01
2.352887165435573635e+01	8.189627865501926863e+03	1.903113547888626300e+01
2.354545673886693535e+01	8.167117849395753183e+03	2.070871240281941539e+01
2.356204187717682785e+01	8.152411591219291950e+03	2.024401674728758849e+01
2.357862706927448215e+01	8.148495087972142755e+03	1.939805558991472623e+01
2.359521231514895589e+01	8.170842820153781759e+03	2.027292677267076826e+01
2.361179761478931738e+01	8.158629795289598405e+03	2.037376256982644307e+01
2.362838296818462069e+01	8.146046698770802323e+03	2.078926758774461447e+01
2.364496837532393769e+01	8.160754438189371285e+03	1.981462422197433426e+01
2.366155383619632957e+01	8.160204522216228725e+03	2.030799566277964985e+01
2.367813935079086463e+01	8.145580239996001183e+03	1.936108937345467851e+01
2.369472491909660050e+01	8.123890771103946463e+03	1.967334662715640903e+01
2.371131054110260195e+01	8.127938870103906993e+03	1.981424076833060965e+01
2.372789621679793015e+01	8.126213406037197274e+03	2.027488953729697485e+01
2.374448194617165342e+01	8.130712931082794967e+03	2.070101104155934024e+01
2.376106772921282939e+01	8.115939749031007523e+03	2.023201943818235193e+01
2.377765356591052992e+01	8.108761012954733815e+03	1.965137958387808581e+01
2.379423945625381265e+01	8.116206209193498580e+03	1.986393167082403721e+01
2.381082540023173877e+01	8.109974332757490629e+03	1.978406522140825885e+01
2.382741139783338014e+01	8.102576746541984903e+03	2.027469433226641726e+01
2.384399744904779084e+01	8.103835190925062307e+03	1.932651673824368999e+01
2.386058355386403917e+01	8.112558252881824046e+03	1.891791326365564885e+01
2.387716971227119345e+01	8.102170168905053288e+03	1.907322298700510999e+01
2.389375592425830774e+01	8.103719002515590546e+03	2.001287396623094850e+01
2.391034218981445036e+01	8.114874210544590824e+03	1.957111302528435814e+01
2.392692850892868606e+01	8.090714670820062565e+03	2.066544914325297810e+01
2.394351488159007246e+01	8.104034535057842731e+03	2.010450877194206143e+01
2.396010130778767788e+01	8.080616169716210607e+03	1.990103352820280236e+01
2.397668778751057062e+01	8.109425270030655156e+03	1.919995474475714659e+01
2.399327432074780120e+01	8.089633633953375465e+03	1.966926202324150807e+01
2.400986090748844148e+01	8.085341940368254654e+03	2.077606710741406104e+01
2.402644754772155977e+01	8.070204530276213518e+03	2.123080953908155166e+01
2.404303424143621015e+01	8.100595451850493191e+03	2.164218077732933665e+01
2.405962098862145737e+01	8.090921204208118979e+03	2.124563233244661120e+01
2.407620778926637328e+01	8.078602191462242445e+03	2.049882280716892424e+01
2.409279464336000842e+01	8.068252649085501616e+03	2.065542262785872296e+01
2.410938155089143820e+01	8.094108445547271003e+03	2.151613624914479672e+01
2.412596851184972024e+01	8.082700727816421022e+03	1.924998617661811195e+01
2.414255552622391576e+01	8.115011815526876489e+03	2.064807371750283238e+01
2.415914259400309305e+01	8.098989130456127896e+03	1.965821089878658512e+01
2.417572971517631331e+01	8.068199105413787947e+03	1.973908924025111489e+01
2.419231688973264482e+01	8.056344628763506989e+03	2.092972577022872827e+01
2.420890411766114525e+01	8.069088550484206280e+03	2.038706703728206904e+01
2.422549139895087933e+01	8.062343532145533572e+03	2.154506021303452812e+01
2.424207873359091181e+01	8.052113686315296945e+03	2.135071741737836248e+01
2.425866612157030389e+01	8.050392048012591658e+03	2.053184635237432332e+01
2.427525356287811675e+01	8.050683128042212047e+03	2.025876036458101481e+01
2.429184105750342582e+01	8.076897915387653484e+03	2.045426273648126880e+01
2.430842860543528161e+01	8.085899338979701497e+03	1.977979624006115600e+01
2.432501620666275599e+01	8.056585107369746765e+03	2.105465817181600841e+01
2.434160386117490660e+01	8.075246510498407588e+03	2.102474296959863054e+01
2.435819156896079818e+01	8.071657255883585094e+03	2.013445769515124439e+01
2.437477933000949548e+01	8.058945946695519524e+03	2.008489166526709369e+01
2.439136714431006325e+01	8.050839013916963268e+03	2.055803703711401909e+01
2.440795501185156269e+01	8.051844761096523143e+03	2.139608994342079740e+01
2.442454293262306209e+01	8.046235191609364847e+03	2.148852465192923589e+01
2.444113090661361554e+01	8.065124665953818294e+03	1.867087812438641237e+01
2.445771893381229489e+01	8.055440940562551077e+03	2.048426830467706239e+01
2.447430701420815780e+01	8.055148765327243382e+03	2.051864246980248296e+01
2.449089514779027610e+01	8.040460843261133050e+03	2.060933569989975211e+01
2.450748333454770389e+01	8.050017099660754866e+03	2.084882845705335441e+01
2.452407157446951302e+01	8.058683597497205483e+03	2.044021330441631790e+01
2.454065986754475759e+01	8.031325943700581774e+03	1.967352294992626938e+01
2.455724821376250588e+01	8.037035990680176837e+03	1.975196705726303037e+01
2.457383661311182266e+01	8.050095926806044190e+03	2.005225988705443285e+01
2.459042506558177621e+01	8.057288977630714726e+03	2.092839949026976498e+01
2.460701357116141708e+01	8.021434728572215136e+03	2.102806169749600684e+01
2.462360212983982066e+01	8.051765394210559862e+03	2.057266413079419110e+01
2.464019074160604461e+01	8.045432297064214254e+03	1.954323008053499322e+01
2.465677940644915012e+01	8.005698273031016470e+03	2.068549368684826462e+01
2.467336812435820548e+01	8.031967471813894008e+03	2.097585151341984755e+01
2.468995689532227900e+01	8.006503196351651241e+03	2.029580726695640536e+01
2.470654571933042121e+01	8.019325166588002503e+03	1.997303544571034806e+01
2.472313459637170752e+01	8.003082469167659838e+03	2.129398440337618581e+01
2.473972352643519201e+01	7.993186620095782928e+03	2.081127740782659430e+01
2.475631250950994300e+01	7.995706229856092250e+03	2.027411918948869740e+01
2.477290154558502167e+01	7.986184408579354567e+03	2.106215589619768025e+01
2.478949063464949987e+01	8.014214613587066196e+03	1.984548212128944655e+01
2.480607977669242814e+01	7.995621214784798212e+03	2.072328502812937501e+01
2.482266897170288189e+01	7.985083631392989446e+03	2.001479283955831079e+01
2.483925821966991521e+01	7.973972985642439198e+03	2.093665028635333414e+01
2.485584752058259284e+01	7.990387688969587543e+03	2.040700210559985095e+01
2.487243687442998308e+01	7.990019316156009154e+03	2.001649155819104209e+01
2.488902628120115423e+01	7.980776641713822755e+03	2.029715877835226934e+01
2.490561574088515329e+01	8.011403436416609111e+03	2.149465882701574060e+01
2.492220525347105919e+01	7.982586288912661075e+03	2.104004998659682002e+01
2.493879481894792960e+01	7.983257099761071004e+03	2.126141888686754911e+01
2.495538443730482214e+01	7.960800880846179098e+03	2.146377504123210400e+01
2.497197410853080868e+01	7.956475715686533476e+03	1.940392391804844152e+01
2.498856383261495395e+01	7.966603985847632430e+03	2.135035976844357464e+01
2.500515360954631561e+01	7.956352005020155048e+03	1.941408818318512530e+01
2.502174343931395839e+01	7.970202868071140074e+03	2.024743999253334792e+01
2.503833332190694705e+01	7.936715143675962281e+03	2.158980118933310166e+01
2.505492325731434278e+01	7.939515911339865852e+03	2.072196319180815394e+01
2.507151324552521032e+01	7.944215584254580790e+03	2.110547487091504237e+01
2.508810328652861799e+01	7.935312612263925985e+03	2.072708636858858000e+01
2.510469338031362341e+01	7.928040279747599925e+03	1.903830879920479902e+01
2.512128352686929134e+01	7.937560950411557315e+03	1.961595958271951545e+01
2.513787372618468652e+01	7.918585832065596151e+03	1.998658856484869517e+01
2.515446397824886660e+01	7.956362711836543895e+03	2.054496353541824760e+01
2.517105428305090342e+01	7.936581456788251671e+03	2.064277537349019198e+01
2.518764464057986174e+01	7.926521472030190125e+03	1.987289646755897721e+01
2.520423505082479565e+01	7.907561982547933439e+03	2.173242637470794847e+01
2.522082551377477344e+01	7.888422076885391107e+03	2.129739705560169583e+01
2.523741602941885986e+01	7.885691469048912040e+03	2.019843374847201645e+01
2.525400659774611611e+01	7.895790762911612546e+03	2.103128591373803857e+01
2.527059721874560339e+01	7.891119112528103869e+03	2.090655440642153451e+01
2.528718789240639708e+01	7.869187870101601220e+03	2.119628510431718738e+01
2.530377861871754419e+01	7.886853587517659435e+03	2.089600171222331326e+01
2.532036939766812367e+01	7.896096820447191931e+03	2.032420539109370949e+01
2.533696022924718250e+01	7.877460585002329026e+03	2.078974919376998898e+01
2.535355111344379964e+01	7.881075229364427287e+03	2.061948213668177843e+01
2.537014205024702562e+01	7.860865798918856854e+03	2.078464063896968739e+01
2.538673303964593941e+01	7.884045789713483828e+03	2.043309292015051781e+01
2.540332408162958799e+01	7.851842773184205726e+03	2.027827003460301469e+01
2.541991517618704677e+01	7.868172846686424236e+03	2.079801505606203094e+01
2.543650632330737338e+01	7.848655445132644672e+03	2.004556263722743381e+01
2.545309752297963257e+01	7.849464334271293410e+03	2.041137357823069109e+01
2.546968877519288554e+01	7.851980237407902678e+03	2.205468821556121739e+01
2.548628007993620415e+01	7.829823901284554267e+03	2.037973772553030471e+01
2.550287143719864247e+01	7.819839519093792660e+03	2.138767417527088810e+01
2.551946284696926881e+01	7.817930550207895067e+03	2.065538477909785442e+01
2.553605430923714437e+01	7.817960330041636553e+03	2.020630789855669818e+01
2.555264582399133033e+01	7.799038152844971592e+03	2.102537515899334508e+01
2.556923739122089501e+01	7.807750405108167797e+03	2.017689327628013984e+01
2.558582901091490669e+01	7.779069077369754268e+03	2.189408828066060053e+01
2.560242068306241592e+01	7.767314635751688002e+03	2.116223506572724844e+01
2.561901240765249810e+01	7.781675341299043794e+03	2.060120649786292191e+01
2.563560418467420732e+01	7.777570395525198364e+03	2.089729693582210146e+01
2.565219601411661188e+01	7.799751369248820083e+03	2.005840465405545814e+01
2.566878789596877297e+01	7.783543028813105593e+03	2.163326801375506747e+01
2.568537983021976245e+01	7.779405280821861197e+03	2.064318692463990246e+01
2.570197181685863086e+01	7.760364970405108579e+03	2.024817945895127380e+01
2.571856385587445004e+01	7.772405111777107777e+03	2.059319668140796722e+01
2.573515594725628119e+01	7.739877088712434670e+03	2.075434761440548215e+01
2.575174809099318907e+01	7.755309931884850812e+03	1.957013655157123821e+01
2.576834028707423130e+01	7.724848335968916217e+03	1.950628684319630679e+01
2.578493253548848330e+01	7.714039770814084477e+03	2.031080335048805452e+01
2.580152483622499560e+01	7.729752423614965664e+03	2.078281654658770705e+01
2.581811718927284360e+01	7.702743705707368463e+03	2.064915048914242490e+01
2.583470959462108141e+01	7.710834919578478548e+03	2.019951252194585223e+01
2.585130205225877376e+01	7.708906293816041398e+03	2.135149432950120740e+01
2.586789456217498895e+01	7.707254322364549807e+03	2.027621250109675088e+01
2.588448712435878818e+01	7.674506209703676177e+03	2.022785412574209474e+01
2.590107973879923264e+01	7.703475942744902568e+03	2.059583195607182304e+01
2.591767240548539064e+01	7.696019173511646841e+03	2.022111135420646022e+01
2.593426512440631981e+01	7.704532457869518112e+03	1.960567366736147221e+01
2.595085789555108491e+01	7.686287675531093555e+03	1.890310994660873689e+01
2.596745071890875423e+01	7.679398666664549637e+03	2.035249231282630689e+01
2.598404359446838896e+01	7.673549175819410266e+03	2.058082778082247799e+01
2.600063652221905031e+01	7.671044579648207218e+03	2.097072247807659906e+01
2.601722950214980656e+01	7.685314930690262372e+03	2.068438975781316458e+01
2.603382253424970827e+01	7.654778363567278575e+03	2.038217305861921602e+01
2.605041561850783793e+01	7.657238894070111201e+03	2.079396105801662031e+01
2.606700875491324609e+01	7.661574038548258613e+03	1.862871009752621987e+01
2.608360194345500460e+01	7.649972558134705650e+03	1.991521711447487419e+01
2.610019518412216755e+01	7.648778209527320541e+03	1.909807763674282199e+01
2.611678847690380323e+01	7.633125014589048078e+03	2.009653049614738762e+01
2.613338182178897284e+01	7.613548748513660939e+03	1.918686011735501040e+01
2.614997521876674824e+01	7.613619529532103115e+03	1.973682852169937973e+01
2.616656866782617996e+01	7.612725086562888464e+03	1.928837884305032091e+01
2.618316216895634341e+01	7.622650601072864447e+03	1.985842653073276765e+01
2.619975572214629622e+01	7.603694384311133035e+03	1.988567293415025716e+01
2.621634932738510315e+01	7.608767569105162693e+03	2.049540929057287997e+01
2.623294298466181829e+01	7.608210758281851668e+03	2.011117177460324967e+01
2.624953669396552414e+01	7.620495286218496403e+03	1.901741174076863317e+01
2.626613045528527124e+01	7.596806353611815211e+03	1.918594473055872740e+01
2.628272426861012789e+01	7.615634139825239799e+03	1.935796972358303591e+01
2.629931813392915174e+01	7.608750538630048140e+03	1.963438545052783368e+01
2.631591205123141464e+01	7.578476322260926281e+03	1.903436048554955207e+01
2.633250602050596711e+01	7.573437605329859252e+03	1.953188224754677549e+01
2.634910004174188813e+01	7.581864445864906884e+03	1.977475091736993207e+01
2.636569411492823178e+01	7.574900002304058034e+03	1.999596723937161613e+01
2.638228824005406636e+01	7.581711123568167750e+03	1.879099189333280151e+01
2.639888241710844952e+01	7.575636499749645736e+03	1.990645952300866028e+01
2.641547664608045309e+01	7.571205274558076781e+03	1.934660611406470210e+01
2.643207092695912763e+01	7.542721322107429842e+03	1.959717936745574107e+01
2.644866525973355209e+01	7.577351318159877337e+03	1.888522515970084115e+01
2.646525964439278056e+01	7.579382936536948364e+03	1.932905149166977310e+01
2.648185408092587778e+01	7.537297635577019719e+03	2.019408749597068464e+01
2.649844856932190851e+01	7.533930165082420899e+03	1.917317793692162908e+01
2.651504310956993749e+01	7.559432129458606141e+03	1.962592922341261570e+01
2.653163770165901880e+01	7.544826084760768026e+03	1.987782476794246378e+01
2.654823234557823142e+01	7.560322609758293765e+03	1.885205790474515197e+01
2.656482704131662587e+01	7.565690488551155795e+03	1.951599917844458076e+01
2.658142178886327756e+01	7.554393908327223471e+03	1.932519661013262180e+01
2.659801658820723702e+01	7.550439600667154991e+03	1.865166150148979085e+01
2.661461143933757967e+01	7.529831622123360830e+03	1.944804602093327617e+01
2.663120634224335248e+01	7.548448799228516691e+03	1.906509822573217861e+01
2.664780129691364152e+01	7.544811381258294205e+03	1.790367272430355783e+01
2.666439630333749022e+01	7.560786454178281929e+03	1.795977994185524906e+01
2.668099136150397754e+01	7.543318928229559788e+03	1.991755753952465113e+01
2.669758647140215402e+01	7.549148470443379665e+03	1.873759547323224695e+01
2.671418163302109505e+01	7.524536598462731490e+03	1.991450968206414629e+01
2.673077684634984763e+01	7.543871859546371525e+03	1.925873100794685655e+01
2.674737211137749426e+01	7.554696364807235113e+03	1.971057732978039567e+01
2.676396742809308549e+01	7.545153049843648660e+03	1.943098570216384502e+01
2.678056279648569316e+01	7.540161667802316515e+03	1.838398179787504816e+01
2.679715821654437491e+01	7.539228222395051489e+03	1.853911095394672159e+01
2.681375368825819550e+01	7.537919158255696857e+03	1.759621841790494656e+01
2.683034921161621611e+01	7.532505851337713466e+03	1.934170576304449796e+01
2.684694478660750860e+01	7.536366426405912534e+03	1.926072065264162347e+01
2.686354041322112707e+01	7.552652280455296932e+03	1.921145857640887655e+01
2.688013609144614335e+01	7.533932781961407272e+03	1.861405927977213182e+01
2.689673182127161155e+01	7.539084128639329720e+03	1.763393496027417129e+01
2.691332760268660351e+01	7.540580367217936328e+03	1.777720445007107131e+01
2.692992343568017333e+01	7.536780037099629226e+03	1.877943715984477890e+01
2.694651932024139640e+01	7.537154006448238761e+03	1.807359865814034450e+01
2.696311525635932682e+01	7.528277511463942574e+03	1.821860425714151432e+01
2.697971124402303644e+01	7.531684828612204001e+03	1.757574132329236605e+01
2.699630728322157935e+01	7.534721745976081365e+03	1.750706291317923302e+01
2.701290337394402741e+01	7.525728265872093289e+03	1.804724343600751268e+01
2.702949951617943469e+01	7.507935414688700803e+03	1.825033013810501714e+01
2.704609570991687661e+01	7.492829990908185209e+03	1.861595987106846550e+01
2.706269195514540371e+01	7.516158095156985837e+03	1.863881824355381411e+01
2.707928825185409138e+01	7.521690349216692084e+03	1.820953313889457803e+01
2.709588460003199728e+01	7.504566343146696454e+03	1.797000929210955178e+01
2.711248099966818614e+01	7.506220219417050430e+03	1.896001196708839842e+01
2.712907745075171206e+01	7.518522266694321843e+03	1.851419250953256324e+01
2.714567395327165755e+01	7.518429670399996212e+03	1.884946671065452506e+01
2.716227050721707315e+01	7.512190261802938039e+03	1.817310377011533262e+01
2.717886711257702714e+01	7.521578855670116354e+03	1.855101620968788723e+01
2.719546376934057363e+01	7.494781466437038034e+03	1.862307732432222096e+01
2.721206047749679158e+01	7.494734890557915605e+03	1.933296079656242483e+01
2.722865723703472796e+01	7.491195418943937511e+03	1.949865422044642926e+01
2.724525404794346173e+01	7.510792949233831678e+03	1.847566254484974735e+01
2.726185091021204343e+01	7.489111743680530708e+03	1.818240931788518822e+01
2.727844782382954847e+01	7.498645153883458079e+03	1.763256121803014409e+01
2.729504478878503093e+01	7.478483337769605896e+03	1.853652976465234303e+01
2.731164180506755912e+01	7.495232350865718217e+03	1.749494824879309363e+01
2.732823887266619067e+01	7.481061238570071509e+03	1.925817533113959357e+01
2.734483599156999745e+01	7.484151742501101580e+03	1.871744779348919607e+01
2.736143316176803708e+01	7.481860973108687176e+03	1.922697710679766203e+01
2.737803038324937788e+01	7.480759807499673116e+03	1.889992278667770975e+01
2.739462765600307748e+01	7.472922263096813367e+03	1.888442786926532690e+01
2.741122498001820773e+01	7.455001186856516142e+03	1.931404526238186392e+01
2.742782235528381563e+01	7.475445496056930097e+03	1.828453963054683484e+01
2.744441978178898367e+01	7.473046689368421539e+03	1.898241382018266776e+01
2.746101725952276595e+01	7.472922327813616903e+03	1.805919371591156164e+01
2.747761478847423078e+01	7.454560016570414518e+03	1.899465239285932938e+01
2.749421236863243223e+01	7.458986459003185701e+03	1.834536277206468213e+01
2.751080999998644572e+01	7.461853150816828020e+03	1.861443166271680738e+01
2.752740768252532177e+01	7.449048532598681049e+03	1.851946176655663479e+01
2.754400541623813581e+01	7.451074236257806660e+03	1.814655619386076069e+01
2.756060320111394546e+01	7.469445028545602327e+03	1.815741205431092098e+01
2.757720103714181903e+01	7.469006023813255524e+03	1.821126067577500152e+01
2.759379892431081061e+01	7.445549277064221315e+03	1.901129249603001981e+01
2.761039686260999204e+01	7.437870600776200263e+03	1.777324402158717831e+01
2.762699485202842098e+01	7.442805002112370858e+03	1.846281883049201866e+01
2.764359289255516572e+01	7.461412822800587492e+03	1.798629273661510197e+01
2.766019098417928745e+01	7.426489100933277768e+03	1.784969701277470477e+01
2.767678912688985449e+01	7.437954199774403605e+03	1.779308426335616389e+01
2.769338732067592446e+01	7.455442262691014548e+03	1.848049114845652241e+01
2.770998556552656211e+01	7.423786959220402423e+03	1.808908536579620829e+01
2.772658386143082510e+01	7.440170513825371927e+03	1.743831263240254259e+01
2.774318220837779236e+01	7.415999208373598776e+03	1.812328297675693634e+01
2.775978060635651445e+01	7.441929923982668697e+03	1.628188665204951135e+01
2.777637905535605967e+01	7.420627099004800584e+03	1.873878397723557043e+01
2.779297755536548920e+01	7.423099506828429185e+03	1.834692125821532827e+01
2.780957610637386779e+01	7.406581206615196606e+03	1.838939804628897789e+01
2.782617470837025664e+01	7.407746039661382383e+03	1.750984725424301303e+01
2.784277336134372760e+01	7.410009697834820145e+03	1.891621071006987975e+01
2.785937206528333121e+01	7.408708469046369828e+03	1.754330951011145245e+01
2.787597082017814287e+01	7.414369642143564306e+03	1.820908487993477110e+01
2.789256962601722023e+01	7.410692596893296468e+03	1.760960716439170781e+01
2.790916848278962803e+01	7.402686669535401961e+03	1.766887188199314096e+01
2.792576739048442391e+01	7.387884456342620979e+03	1.815770343706129708e+01
2.794236634909068329e+01	7.400132718629175542e+03	1.795255713142416809e+01
2.795896535859746024e+01	7.373024930761195719e+03	1.803727332594538169e+01
2.797556441899382662e+01	7.373027851555943016e+03	1.806288671148966785e+01
2.799216353026883297e+01	7.392416981054191638e+03	1.826059808105156890e+01
2.800876269241155470e+01	7.373580355869540654e+03	1.839932249570438216e+01
2.802536190541104588e+01	7.372044017459822498e+03	1.887077239778151849e+01
2.804196116925638194e+01	7.361612052117586245e+03	1.891412270020301634e+01
2.805856048393661339e+01	7.356402134041313730e+03	1.906274385661209436e+01
2.807515984944081566e+01	7.345886257297532211e+03	1.804321061097093803e+01
2.809175926575804283e+01	7.352829073837870055e+03	1.863949080590505858e+01
2.810835873287736675e+01	7.345373243478198674e+03	1.756005090121779233e+01
2.812495825078783440e+01	7.340720051028791204e+03	1.771387029691076975e+01
2.814155781947853185e+01	7.339960832848405516e+03	1.808023488442518101e+01
2.815815743893850964e+01	7.341305153524530397e+03	1.833174654831447370e+01
2.817475710915683251e+01	7.351067636941740602e+03	1.811878100347238529e+01
2.819135683012256521e+01	7.340382827354348592e+03	1.781462119728283255e+01
2.820795660182477249e+01	7.339225361737196181e+03	1.850964532427786580e+01
2.822455642425250844e+01	7.332578513905123145e+03	1.796793638617664968e+01
2.824115629739485200e+01	7.337984438594550738e+03	1.779384154922477279e+01
2.825775622124085729e+01	7.315935402379190236e+03	1.817941391004538687e+01
2.827435619577959258e+01	7.319353598772289843e+03	1.788971389939900547e+01
2.829095622100011198e+01	7.309895374698307933e+03	1.810634351907765449e+01
2.830755629689149089e+01	7.332280081754897765e+03	1.855304182742467134e+01
2.832415642344277984e+01	7.314424586413212637e+03	1.743649285778980484e+01
2.834075660064305779e+01	7.326379191871679723e+03	1.838100934165841593e+01
2.835735682848137529e+01	7.295992505776228427e+03	1.836994611173467717e+01
2.837395710694680417e+01	7.308855579982512609e+03	1.748948435930521228e+01
2.839055743602840209e+01	7.298937740887402470e+03	1.828838258639333603e+01
2.840715781571523735e+01	7.302821232630470149e+03	1.740111184284258172e+01
2.842375824599636402e+01	7.319155116436450953e+03	1.828413412653582881e+01
2.844035872686086108e+01	7.294945161640929655e+03	1.741766429500468760e+01
2.845695925829777906e+01	7.293158436506275393e+03	1.828437547723748224e+01
2.847355984029618625e+01	7.260577712338009405e+03	1.766916333636367753e+01
2.849016047284514741e+01	7.279361950542601335e+03	1.809894968111796132e+01
2.850676115593372373e+01	7.273491307612110177e+03	1.838477076519056652e+01
2.852336188955097640e+01	7.285164802349499951e+03	1.803552956077551883e+01
2.853996267368597728e+01	7.298204528461265909e+03	1.798235566858783230e+01
2.855656350832778045e+01	7.249678775808582941e+03	1.721743003590237819e+01
2.857316439346545778e+01	7.268280518749922521e+03	1.852575795715641860e+01
2.858976532908806334e+01	7.258622557450688873e+03	1.803118440821408086e+01
2.860636631518466899e+01	7.259436166154804596e+03	1.747573605712766565e+01
2.862296735174432882e+01	7.248473500026554575e+03	1.795158990808739219e+01
2.863956843875612179e+01	7.247354682398598015e+03	1.720106590284947501e+01
2.865616957620909488e+01	7.244304241983560132e+03	1.793597052138557402e+01
2.867277076409232706e+01	7.238163895126584976e+03	1.746630016220409232e+01
2.868937200239486529e+01	7.252536720175450682e+03	1.799923175485412585e+01
2.870597329110578855e+01	7.233483835268205439e+03	1.799254378778961794e+01
2.872257463021414736e+01	7.241646132320210199e+03	1.816125306992885768e+01
2.873917601970901003e+01	7.237928974865067175e+03	1.765177617396328458e+01
2.875577745957944487e+01	7.226827676215330939e+03	1.805075552414709961e+01
2.877237894981450950e+01	7.223244324126441825e+03	1.731832130788719581e+01
2.878898049040327223e+01	7.211096673713725977e+03	1.760866647080832337e+01
2.880558208133479070e+01	7.200200288215350156e+03	1.747887416570654295e+01
2.882218372259812966e+01	7.220301343386508961e+03	1.753203841501823490e+01
2.883878541418235741e+01	7.187510093545601194e+03	1.788874115015219246e+01
2.885538715607653160e+01	7.201108237216754787e+03	1.807441885921911151e+01
2.887198894826972406e+01	7.206837126627386169e+03	1.756142767547689587e+01
2.888859079075098890e+01	7.220869883245612982e+03	1.727277134123606572e+01
2.890519268350939441e+01	7.198802171706772242e+03	1.786797149545980901e+01
2.892179462653400535e+01	7.189240625411954170e+03	1.705917571278112277e+01
2.893839661981387934e+01	7.196594109013187335e+03	1.703501938454836306e+01
2.895499866333808470e+01	7.185055688290759463e+03	1.766270766053881403e+01
2.897160075709568261e+01	7.207275569021512638e+03	1.806481471505430036e+01
2.898820290107574138e+01	7.191933481248073804e+03	1.770550672226405808e+01
2.900480509526731865e+01	7.184765703753352682e+03	1.859966775488270585e+01
2.902140733965947561e+01	7.153889967422583140e+03	1.722903722229579770e+01
2.903800963424128767e+01	7.169541114106427813e+03	1.756362825807158146e+01
2.905461197900180537e+01	7.169592221918916948e+03	1.796545082457258857e+01
2.907121437393010410e+01	7.166296677906751938e+03	1.737735436212446416e+01
2.908781681901523442e+01	7.157936184736832729e+03	1.685092586056751429e+01
2.910441931424626816e+01	7.168385919097984697e+03	1.692808206621319655e+01
2.912102185961227363e+01	7.161168068517556094e+03	1.663584167535853453e+01
2.913762445510229782e+01	7.165755878635178306e+03	1.678891174088217397e+01
2.915422710070542323e+01	7.165167635765800696e+03	1.662672563761872979e+01
2.917082979641069684e+01	7.163123729958630975e+03	1.657116749752130858e+01
2.918743254220719763e+01	7.139892568856294929e+03	1.708636385460729912e+01
2.920403533808397256e+01	7.161934535952063015e+03	1.713140088991336896e+01
2.922063818403009350e+01	7.148046734758203456e+03	1.669653368740025812e+01
2.923724108003462874e+01	7.133784813818199837e+03	1.730533424971039125e+01
2.925384402608663592e+01	7.149200609224973959e+03	1.675227906500695951e+01
2.927044702217517980e+01	7.149958921479264973e+03	1.730812251699337523e+01
2.928705006828932511e+01	7.142623728115515405e+03	1.668217364444423367e+01
2.930365316441813306e+01	7.155731935674067245e+03	1.707760336412024671e+01
2.932025631055066839e+01	7.134040752615444944e+03	1.711671845946904824e+01
2.933685950667599229e+01	7.140653815487153224e+03	1.793453871632472385e+01
2.935346275278317663e+01	7.129876698408445918e+03	1.708686168887975398e+01
2.937006604886126837e+01	7.126147775801247008e+03	1.746023236930089695e+01
2.938666939489934649e+01	7.154899599430630587e+03	1.641703979462256413e+01
2.940327279088647217e+01	7.143080171924871138e+03	1.674709300039588555e+01
2.941987623681169950e+01	7.124626002706628242e+03	1.702485248341503166e+01
2.943647973266410389e+01	7.139666332996855999e+03	1.677780195981140210e+01
2.945308327843274299e+01	7.140883296472647999e+03	1.668443983114031326e+01
2.946968687410667798e+01	7.137112467071113315e+03	1.703315444155068903e+01
2.948629051967497716e+01	7.137428706337575022e+03	1.652855178221154731e+01
2.950289421512670174e+01	7.141264562364804988e+03	1.722715307565244203e+01
2.951949796045091645e+01	7.125584467660228256e+03	1.707863571861501484e+01
2.953610175563667894e+01	7.128310763302601117e+03	1.627124151840725474e+01
2.955270560067306462e+01	7.149491172348813961e+03	1.684783073068224368e+01
2.956930949554912047e+01	7.128732709022397103e+03	1.676573205628433527e+01
2.958591344025392189e+01	7.115049944662826420e+03	1.714801963592558209e+01
2.960251743477653719e+01	7.134555593403006242e+03	1.694835830946904309e+01
2.961912147910601689e+01	7.124675777494682734e+03	1.630821810736540201e+01
2.963572557323142931e+01	7.130187116740444253e+03	1.715983569193076974e+01
2.965232971714184274e+01	7.139039153199520115e+03	1.627031933034542988e+01
2.966893391082631481e+01	7.107058402835133165e+03	1.724625698802941187e+01
2.968553815427391029e+01	7.132078792143431201e+03	1.654444275021630517e+01
2.970214244747369392e+01	7.135139088293498389e+03	1.645088558935745482e+01
2.971874679041473044e+01	7.116121380472982310e+03	1.704624394297927026e+01
2.973535118308607750e+01	7.127895044507426974e+03	1.706825091999501964e+01
2.975195562547680694e+01	7.130856185592610018e+03	1.721678445673898139e+01
2.976856011757597287e+01	7.130218027839498973e+03	1.627112014803033802e+01
2.978516465937264357e+01	7.139869110336825543e+03	1.734991837521295821e+01
2.980176925085588735e+01	7.116147539783945831e+03	1.682510857390276726e+01
2.981837389201476185e+01	7.156130175510677873e+03	1.670356043676623159e+01
2.983497858283832826e+01	7.125315584412128374e+03	1.644043686333951371e+01
2.985158332331565845e+01	7.130680400598646884e+03	1.696058974549167431e+01
2.986818811343581004e+01	7.105765585628769259e+03	1.730458834481830621e+01
2.988479295318784779e+01	7.132626716034731544e+03	1.625021226203818614e+01
2.990139784256083288e+01	7.138360960826036717e+03	1.645773259997519133e+01
2.991800278154383363e+01	7.127949798591962463e+03	1.760684913371890303e+01
2.993460777012590768e+01	7.126743153840243394e+03	1.657045129868854616e+01
2.995121280829612687e+01	7.129664836891129198e+03	1.736219526104980559e+01
2.996781789604353818e+01	7.125557682935369485e+03	1.599372237322575963e+01
2.998442303335722414e+01	7.121046145334468747e+03	1.701827334957736682e+01
3.000102822022623883e+01	7.131801397006187472e+03	1.645038486451197102e+01
3.001763345663965055e+01	7.140704205805404854e+03	1.739954113095410548e+01
3.003423874258651693e+01	7.134080553887049064e+03	1.633128915724272900e+01
3.005084407805590985e+01	7.124281767232373568e+03	1.713525174817594632e+01
3.006744946303687982e+01	7.129232047647235959e+03	1.678663135594604228e+01
3.008405489751850226e+01	7.116927129077676909e+03	1.677749634317166283e+01
3.010066038148983480e+01	7.121294422292253330e+03	1.596885822697396051e+01
3.011726591493994221e+01	7.114293929015645517e+03	1.642171355674210531e+01
3.013387149785788921e+01	7.107106851558584822e+03	1.654727979990486730e+01
3.015047713023273701e+01	7.105554803515821732e+03	1.683721374516241909e+01
3.016708281205354680e+01	7.115594835744646844e+03	1.647325693923247059e+01
3.018368854330938689e+01	7.107482826689555623e+03	1.666809332913495822e+01
3.020029432398931846e+01	7.114571968642800130e+03	1.696970062266451862e+01
3.021690015408240981e+01	7.117261203107259462e+03	1.619891379294279687e+01
3.023350603357771860e+01	7.108939170257042861e+03	1.684220436010806310e+01
3.025011196246431311e+01	7.110218904928857228e+03	1.614615906642691812e+01
3.026671794073125099e+01	7.105270272509805181e+03	1.616185073617858237e+01
3.028332396836760054e+01	7.101314250672477101e+03	1.622169592644285885e+01
3.029993004536241941e+01	7.098368671714701122e+03	1.547897973556508155e+01
3.031653617170477943e+01	7.086202042734099450e+03	1.636332303219401041e+01
3.033314234738373827e+01	7.096652542085336790e+03	1.553208682582158673e+01
3.034974857238836421e+01	7.103331088062026538e+03	1.637360250178775445e+01
3.036635484670770424e+01	7.080293518998285435e+03	1.553880836691713618e+01
3.038296117033084798e+01	7.085018040546850898e+03	1.666934798063432055e+01
3.039956754324683885e+01	7.103692341616355407e+03	1.607282216847751499e+01
3.041617396544475582e+01	7.089798607386622280e+03	1.597287439463546299e+01
3.043278043691364942e+01	7.086777460195608910e+03	1.618750471020638670e+01
3.044938695764258796e+01	7.090143152176751755e+03	1.674381142507705533e+01
3.046599352762063617e+01	7.078576360874967577e+03	1.627776754368036904e+01
3.048260014683685526e+01	7.099545962091036927e+03	1.611405213116157498e+01
3.049920681528030997e+01	7.071037836700174921e+03	1.563758522381455762e+01
3.051581353294006504e+01	7.078040143069155420e+03	1.560761684284829620e+01
3.053242029980517813e+01	7.085529128328941624e+03	1.638816551091262141e+01
3.054902711586472108e+01	7.082176692943322450e+03	1.642983462807820061e+01
3.056563398110774088e+01	7.079029804540030455e+03	1.637607661865324005e+01
3.058224089552332714e+01	7.070196408347645956e+03	1.597571126905539174e+01
3.059884785910052329e+01	7.079063952274326766e+03	1.617705612936921966e+01
3.061545487182840475e+01	7.069985547744676296e+03	1.538999924470539504e+01
3.063206193369602559e+01	7.058746443188493686e+03	1.591955915440893321e+01
3.064866904469245767e+01	7.066457140052634713e+03	1.626228261873352210e+01
3.066527620480675509e+01	7.057988531991481068e+03	1.592160774156604752e+01
3.068188341402798969e+01	7.046643679830238398e+03	1.564188735912920336e+01
3.069849067234521911e+01	7.059739044987611123e+03	1.609097002950688449e+01
3.071509797974751166e+01	7.048060840291680506e+03	1.558908945293517689e+01
3.073170533622392497e+01	7.047425329109591985e+03	1.530857581812485257e+01
3.074831274176353091e+01	7.045980266078333443e+03	1.549402392146578222e+01
3.076492019635537645e+01	7.052157330217440176e+03	1.572007160419317451e+01
3.078152769998854765e+01	7.038997273971963295e+03	1.583321395848061286e+01
3.079813525265209151e+01	7.040721674406676357e+03	1.541549858052194821e+01
3.081474285433508342e+01	7.049721639725123168e+03	1.510504461282784838e+01
3.083135050502657393e+01	7.038104735373674885e+03	1.569507266468999518e+01
3.084795820471563843e+01	7.034289823311501095e+03	1.565413372290726279e+01
3.086456595339133102e+01	7.032024917028868003e+03	1.510421355701819657e+01
3.088117375104272355e+01	7.033643855350536796e+03	1.548721637051474254e+01
3.089778159765887011e+01	7.035537110947095243e+03	1.512253045109966543e+01
3.091438949322884611e+01	7.030316293058675001e+03	1.525620367528804699e+01
3.093099743774170207e+01	7.017816809134867981e+03	1.496053468120553909e+01
3.094760543118651341e+01	7.032291526743244503e+03	1.482483847793216114e+01
3.096421347355232356e+01	7.010674114005619231e+03	1.476035011684980880e+01
3.098082156482822569e+01	7.020505526641134566e+03	1.513338673543594481e+01
3.099742970500325967e+01	7.010621267304745743e+03	1.565958326316638249e+01
3.101403789406650446e+01	7.008544653319099780e+03	1.490993420296242711e+01
3.103064613200701061e+01	7.027511102931729511e+03	1.507595748974772398e+01
3.104725441881384995e+01	6.998778153291011222e+03	1.485625137337055257e+01
3.106386275447608369e+01	7.015031495897417699e+03	1.487506314661573548e+01
3.108047113898277658e+01	7.006803516230639616e+03	1.518331226873347717e+01
3.109707957232298625e+01	6.999306839442537239e+03	1.498013900703230306e+01
3.111368805448578456e+01	6.994477568728371807e+03	1.510072689401622803e+01
3.113029658546022560e+01	6.988032024035191171e+03	1.506672199386878042e+01
3.114690516523538477e+01	6.981097229452595457e+03	1.529697585600629672e+01
3.116351379380030906e+01	6.987213200139120090e+03	1.564141812976184376e+01
3.118012247114407742e+01	6.994271776352694360e+03	1.502673973761978843e+01
3.119673119725574750e+01	6.985575932654101962e+03	1.512051102071576025e+01
3.121333997212438760e+01	6.985693848478395012e+03	1.456359139945102932e+01
3.122994879573905180e+01	6.965076849575887536e+03	1.490247821292809860e+01
3.124655766808881552e+01	6.979024185294178096e+03	1.439293584169080198e+01
3.126316658916272928e+01	6.986635354578964325e+03	1.513087540069624204e+01
3.127977555894986494e+01	6.979961845225940124e+03	1.474468365670355041e+01
3.129638457743928015e+01	6.971261873168964485e+03	1.458814981061477845e+01
3.131299364462004675e+01	6.958750906630115423e+03	1.460083206816672963e+01
3.132960276048121884e+01	6.973590545788914824e+03	1.520548432112959780e+01
3.134621192501186826e+01	6.957999509366748498e+03	1.559519990950122903e+01
3.136282113820104556e+01	6.959761055459507588e+03	1.498771774401039103e+01
3.137943040003782968e+01	6.961093500991519250e+03	1.504386748878591185e+01
3.139603971051127829e+01	6.953651367795298938e+03	1.469093894252897847e+01
3.141264906961045611e+01	6.941216936851527862e+03	1.507905316033852827e+01
3.142925847732442435e+01	6.941410680454044268e+03	1.472727529981142247e+01
3.144586793364224775e+01	6.951005559644217101e+03	1.478553363261340081e+01
3.146247743855298751e+01	6.932843229731350220e+03	1.440761633926092244e+01
3.147908699204570837e+01	6.944731587666703490e+03	1.468717409667677742e+01
3.149569659410947509e+01	6.929581533095653867e+03	1.489342605825997090e+01
3.151230624473335240e+01	6.921899069993015473e+03	1.552582492414699722e+01
3.152891594390639796e+01	6.937977098241753993e+03	1.449115892348429213e+01
3.154552569161768005e+01	6.915461048958335596e+03	1.510738026467781481e+01
3.156213548785625278e+01	6.938154492136740373e+03	1.512177657334065195e+01
3.157874533261119865e+01	6.921504904744548185e+03	1.442646212475580469e+01
3.159535522587156819e+01	6.916901269647816662e+03	1.486544006273330787e+01
3.161196516762642972e+01	6.915983604453309454e+03	1.523636850389788222e+01
3.162857515786484086e+01	6.917840695967306601e+03	1.490225582907951463e+01
3.164518519657586992e+01	6.915577830815720517e+03	1.480761145512135180e+01
3.166179528374857810e+01	6.909532272781257234e+03	1.499644146126396826e+01
3.167840541937203014e+01	6.933450024034965281e+03	1.466497021956741342e+01
3.169501560343528723e+01	6.918306469255520824e+03	1.478883827553068464e+01
3.171162583592742124e+01	6.909022215076464818e+03	1.475126169644834917e+01
3.172823611683748268e+01	6.920419626733882069e+03	1.527160388564512949e+01
3.174484644615454343e+01	6.914818588585971156e+03	1.511053836361906555e+01
3.176145682386765756e+01	6.886161229946002095e+03	1.437208910116005889e+01
3.177806724996590404e+01	6.903994502240591828e+03	1.390798785246790636e+01
3.179467772443833695e+01	6.905089461216511154e+03	1.426859344527643358e+01
3.181128824727402460e+01	6.910622457642052723e+03	1.440249336874289021e+01
3.182789881846202107e+01	6.887443684207195474e+03	1.513111051307452115e+01
3.184450943799140177e+01	6.876998355985045237e+03	1.460462236686636928e+01
3.186112010585122079e+01	6.897592931788645728e+03	1.459461615937757628e+01
3.187773082203054997e+01	6.893620537737141603e+03	1.466506119198820457e+01
3.189434158651843987e+01	6.891907681658984984e+03	1.397597569357347780e+01
3.191095239930396943e+01	6.889367803369620560e+03	1.421987637822545025e+01
3.192756326037619274e+01	6.879681632251335941e+03	1.462716129721946778e+01
3.194417416972417456e+01	6.878192821819056007e+03	1.495423956535835153e+01
3.196078512733697252e+01	6.883556657727952370e+03	1.419985606773980180e+01
3.197739613320366558e+01	6.884483470462163496e+03	1.424193690840954574e+01
3.199400718731330429e+01	6.885917569362185532e+03	1.453893107744875657e+01
3.201061828965495693e+01	6.885901049462759147e+03	1.401735525432314411e+01
3.202722944021768825e+01	6.874819355383916445e+03	1.424064371790034045e+01
3.204384063899055946e+01	6.882824252197332498e+03	1.431129975654758901e+01
3.206045188596263529e+01	6.868169661005988019e+03	1.463327262724194000e+01
3.207706318112298050e+01	6.852766521089924026e+03	1.387689519319643416e+01
3.209367452446065982e+01	6.886521714776973567e+03	1.415532022400249623e+01
3.211028591596471671e+01	6.856865916688030666e+03	1.385344462793139186e+01
3.212689735562424431e+01	6.866917993336654035e+03	1.451540401682594528e+01
3.214350884342829318e+01	6.859204863331988236e+03	1.390062516183714969e+01
3.216012037936592094e+01	6.862435779490005189e+03	1.347968531606728959e+01
3.217673196342619235e+01	6.858823770507614427e+03	1.398521438224988422e+01
3.219334359559818637e+01	6.870157169368476389e+03	1.383344264577776350e+01
3.220995527587096063e+01	6.871433452878728531e+03	1.385882985026284331e+01
3.222656700423356568e+01	6.874580949249348123e+03	1.402545018964757162e+01
3.224317878067506626e+01	6.867433810414062464e+03	1.433058474163655838e+01
3.225979060518454133e+01	6.867642502555315332e+03	1.414351492817913147e+01
3.227640247775104854e+01	6.860452769219660695e+03	1.401957851785975251e+01
3.229301439836364551e+01	6.866889151118165501e+03	1.370868690121348443e+01
3.230962636701138990e+01	6.879268930461194941e+03	1.378384747185098114e+01
3.232623838368336777e+01	6.862593839527973614e+03	1.426887036943330322e+01
3.234285044836862255e+01	6.860539139234070717e+03	1.370454057626458777e+01
3.235946256105621899e+01	6.858669806662095652e+03	1.453557714182715799e+01
3.237607472173522183e+01	6.861016792455962786e+03	1.380345406153730714e+01
3.239268693039471003e+01	6.865182666355941365e+03	1.398450546976524045e+01
3.240929918702373413e+01	6.867256359794875607e+03	1.478041449730931767e+01
3.242591149161135888e+01	6.862935938888301280e+03	1.388702745808905270e+01
3.244252384414664192e+01	6.874667155617969001e+03	1.439348458184277568e+01
3.245913624461866220e+01	6.866671615174451290e+03	1.434223509092339732e+01
3.247574869301647027e+01	6.867250682166587467e+03	1.488168271287477218e+01
3.249236118932913087e+01	6.863588653247647926e+03	1.380490441133363966e+01
3.250897373354570874e+01	6.859566879085001347e+03	1.385712179225327922e+01
3.252558632565526864e+01	6.873356643144412374e+03	1.448935113628077609e+01
3.254219896564687531e+01	6.861605411473680761e+03	1.442125917920659361e+01
3.255881165350958639e+01	6.878465189939613992e+03	1.439952015278124975e+01
3.257542438923246664e+01	6.861191404164810592e+03	1.416168103397263245e+01
3.259203717280459500e+01	6.864899873426870727e+03	1.411962777791028145e+01
3.260865000421501492e+01	6.860920736360678347e+03	1.472532486863461187e+01
3.262526288345279823e+01	6.859216696103489994e+03	1.401495844996608398e+01
3.264187581050700970e+01	6.866434945475752102e+03	1.443442511292315800e+01
3.265848878536670696e+01	6.858986463261793688e+03	1.404495932452348406e+01
3.267510180802096187e+01	6.875691533130142489e+03	1.352892790808870949e+01
3.269171487845883206e+01	6.855280728435678611e+03	1.418177930501701312e+01
3.270832799666938229e+01	6.854882649851223505e+03	1.344801843249647177e+01
3.272494116264167729e+01	6.854024926514020081e+03	1.433739256676582308e+01
3.274155437636477473e+01	6.842669390089033186e+03	1.328373764351359121e+01
3.275816763782774643e+01	6.849141211373260376e+03	1.317834343950872800e+01
3.277478094701964295e+01	6.844573906996231017e+03	1.357068217320997050e+01
3.279139430392955035e+01	6.833547731567540723e+03	1.363160154473602859e+01
3.280800770854651205e+01	6.842071749040546820e+03	1.375615536657902638e+01
3.282462116085960702e+01	6.837660172227245312e+03	1.370253113909780929e+01
3.284123466085787868e+01	6.841140123467384910e+03	1.421405250823826805e+01
3.285784820853040600e+01	6.840755918085177655e+03	1.358079982706726874e+01
3.287446180386625372e+01	6.832040229965611616e+03	1.345361470945528737e+01
3.289107544685447237e+01	6.839893505212411583e+03	1.329101471476585594e+01
3.290768913748413382e+01	6.831288419559891736e+03	1.364725865740614275e+01
3.292430287574430281e+01	6.837701456110396975e+03	1.311324563629482753e+01
3.294091666162404408e+01	6.841211028446698947e+03	1.364922435479654084e+01
3.295753049511240818e+01	6.836837092511690571e+03	1.330530630906882550e+01
3.297414437619847405e+01	6.825254613958446498e+03	1.329591055417849610e+01
3.299075830487129934e+01	6.825790198148186391e+03	1.319335358240569711e+01
3.300737228111994881e+01	6.818984882472746904e+03	1.332733846309924708e+01
3.302398630493348719e+01	6.832880505306326086e+03	1.372643039157744660e+01
3.304060037630097213e+01	6.823449695429514577e+03	1.297527713261400173e+01
3.305721449521146837e+01	6.833173923989558716e+03	1.307331686729058973e+01
3.307382866165404778e+01	6.811330235084253218e+03	1.387943152163460958e+01
3.309044287561776798e+01	6.832778108066138884e+03	1.319292413193514157e+01
3.310705713709168663e+01	6.821683983145125239e+03	1.313752062175690405e+01
3.312367144606487557e+01	6.802934086587867569e+03	1.350222527993873634e+01
3.314028580252639955e+01	6.805535075163826150e+03	1.375886278505875637e+01
3.315690020646530201e+01	6.809671071886534264e+03	1.370104018347806019e+01
3.317351465787066900e+01	6.828092009163300645e+03	1.338844303994178198e+01
3.319012915673156527e+01	6.811786824681192229e+03	1.372098594569106744e+01
3.320674370303704848e+01	6.807921480163415254e+03	1.358623228207980027e+01
3.322335829677617625e+01	6.811564011133697022e+03	1.338389093621935899e+01
3.323997293793800623e+01	6.811796999873477944e+03	1.311105058066668505e+01
3.325658762651162448e+01	6.810067165132988521e+03	1.274035900091459439e+01
3.327320236248608154e+01	6.804730505399355934e+03	1.283895805803213364e+01
3.328981714585043505e+01	6.802110204098158647e+03	1.305822512290004056e+01
3.330643197659375687e+01	6.797352198257073724e+03	1.336779790333959994e+01
3.332304685470510464e+01	6.798896894740494645e+03	1.375116083025661951e+01
3.333966178017355020e+01	6.812834653591646202e+03	1.431318853738412145e+01
3.335627675298815120e+01	6.790181568043513835e+03	1.287312812328759293e+01
3.337289177313796529e+01	6.787194082686951333e+03	1.354895245408848048e+01
3.338950684061207141e+01	6.790291071800366808e+03	1.363940661986216085e+01
3.340612195539952012e+01	6.786365555228105222e+03	1.339995642200459436e+01
3.342273711748938325e+01	6.783351258591296755e+03	1.385734754591753770e+01
3.343935232687071135e+01	6.790603799583521322e+03	1.369605473754943681e+01
3.345596758353259048e+01	6.784682739043993024e+03	1.328928258202972756e+01
3.347258288746406407e+01	6.765320694341957278e+03	1.343855886967524960e+01
3.348919823865420398e+01	6.775206026997452682e+03	1.304545292170094761e+01
3.350581363709206073e+01	6.781468583305794709e+03	1.296074632588144659e+01
3.352242908276672040e+01	6.779130947844621005e+03	1.368265869530266343e+01
3.353904457566723352e+01	6.769799121696862130e+03	1.332591453114821611e+01
3.355566011578265773e+01	6.763848307433104310e+03	1.316416934111172843e+01
3.357227570310206488e+01	6.778172235272904800e+03	1.320300936757685939e+01
3.358889133761452683e+01	6.785577287859285207e+03	1.329945893127419865e+01
3.360550701930909412e+01	6.756501339188492238e+03	1.338849646130624116e+01
3.362212274817483149e+01	6.759841964265473507e+03	1.343343211855899177e+01
3.363873852420080368e+01	6.767227029842033517e+03	1.309093490216432620e+01
3.365535434737607545e+01	6.763420959767002387e+03	1.285449981458223334e+01
3.367197021768971865e+01	6.766442704253622651e+03	1.243624292471246484e+01
3.368858613513078382e+01	6.780531188334020953e+03	1.254396124922840272e+01
3.370520209968832859e+01	6.752331258808982966e+03	1.296513122907653326e+01
3.372181811135143192e+01	6.755751521280530142e+03	1.312849956436493670e+01
3.373843417010915857e+01	6.762454066410159612e+03	1.300174031526904983e+01
3.375505027595055907e+01	6.754360850314649724e+03	1.235909541110577869e+01
3.377166642886469816e+01	6.756567368429534326e+03	1.259620538245450660e+01
3.378828262884065481e+01	6.751751794003233954e+03	1.300601385095179374e+01
3.380489887586747955e+01	6.743303439162708855e+03	1.228438136047439855e+01
3.382151516993424423e+01	6.747229458593914387e+03	1.218685635965150382e+01
3.383813151102999228e+01	6.751113202763906884e+03	1.312981930408120057e+01
3.385474789914381688e+01	6.752099708003214801e+03	1.196915648797578768e+01
3.387136433426476145e+01	6.759747508318489054e+03	1.269674870931762101e+01
3.388798081638189075e+01	6.726244945805323368e+03	1.282927450766809052e+01
3.390459734548426951e+01	6.736544527305722113e+03	1.211302931279401562e+01
3.392121392156096960e+01	6.733752926101367848e+03	1.300298240000661387e+01
3.393783054460104864e+01	6.740438509962897115e+03	1.314215227978760403e+01
3.395444721459356430e+01	6.721779034775559921e+03	1.200036016280702000e+01
3.397106393152758130e+01	6.725058213134597281e+03	1.242885440128250174e+01
3.398768069539217862e+01	6.722018753848384222e+03	1.250118965915594949e+01
3.400429750617640678e+01	6.740869895373822146e+03	1.220744962086177132e+01
3.402091436386933054e+01	6.727637022885654005e+03	1.226396389489773675e+01
3.403753126846000754e+01	6.719181093372455507e+03	1.241637924032423967e+01
3.405414821993751673e+01	6.730815216446933846e+03	1.251137917873630023e+01
3.407076521829090865e+01	6.735813298632104306e+03	1.223815230655196196e+01
3.408738226350925515e+01	6.725716491358414714e+03	1.291905283922723058e+01
3.410399935558160678e+01	6.716286510849580736e+03	1.247414055911316133e+01
3.412061649449704248e+01	6.728762917815015498e+03	1.194781449767130077e+01
3.413723368024461990e+01	6.710010695595836296e+03	1.232221437651016238e+01
3.415385091281338958e+01	6.721504507699766691e+03	1.269664362733333896e+01
3.417046819219243048e+01	6.712661286646839471e+03	1.269797064682783194e+01
3.418708551837081444e+01	6.711367394103959668e+03	1.243030866844675941e+01
3.420370289133758490e+01	6.727276137931843550e+03	1.213639000041889915e+01
3.422032031108182082e+01	6.728115049925251697e+03	1.210132130651258286e+01
3.423693777759256562e+01	6.714067612494017339e+03	1.268831776502967301e+01
3.425355529085890538e+01	6.706622970881006040e+03	1.279681007277154947e+01
3.427017285086989062e+01	6.704345308184762871e+03	1.243421221690400280e+01
3.428679045761458610e+01	6.710573465125148687e+03	1.227874616750338532e+01
3.430340811108205656e+01	6.707125756739502322e+03	1.213664378246523867e+01
3.432002581126137386e+01	6.690584385444735744e+03	1.233141938408980387e+01
3.433664355814158853e+01	6.693444457867814890e+03	1.218974733764389917e+01
3.435326135171176531e+01	6.700427984998020293e+03	1.236034747438727166e+01
3.436987919196097607e+01	6.695815009827660106e+03	1.200614615990290801e+01
3.438649707887827844e+01	6.706767714944645377e+03	1.223090322768522142e+01
3.440311501245274428e+01	6.679374773676894620e+03	1.227447778825936275e+01
3.441973299267342412e+01	6.696781122319381211e+03	1.227716092171110951e+01
3.443635101952938271e+01	6.693156159038629085e+03	1.239806825792086009e+01
3.445296909300969901e+01	6.694025796662843277e+03	1.207246323021675671e+01
3.446958721310342355e+01	6.697683415718063770e+03	1.186272655652028618e+01
3.448620537979961398e+01	6.691020308965217737e+03	1.222257952181832508e+01
3.450282359308734925e+01	6.679562279539832161e+03	1.258890642338027455e+01
3.451944185295568701e+01	6.682376880047519990e+03	1.226278654229022536e+01
3.453606015939367779e+01	6.671069638714351640e+03	1.208365742434926737e+01
3.455267851239040766e+01	6.689443425589272010e+03	1.282104445129837522e+01
3.456929691193492005e+01	6.697071224356067432e+03	1.286839144263463552e+01
3.458591535801630101e+01	6.688384195643458042e+03	1.280085471720455459e+01
3.460253385062359399e+01	6.693419814651598244e+03	1.223165635697017528e+01
3.461915238974587083e+01	6.671200824077747711e+03	1.235677413624807741e+01
3.463577097537218208e+01	6.687428676071737755e+03	1.222355548250488688e+01
3.465238960749161379e+01	6.675961823244418156e+03	1.209100528293105725e+01
3.466900828609321650e+01	6.675183355796197247e+03	1.253963952744826393e+01
3.468562701116604785e+01	6.679250955819533374e+03	1.257960448790518981e+01
3.470224578269918680e+01	6.675352072290658725e+03	1.252217431878818310e+01
3.471886460068169100e+01	6.668345762010619183e+03	1.320330006434685544e+01
3.473548346510261098e+01	6.678193526214954545e+03	1.312482411459891374e+01
3.475210237595103280e+01	6.670639420876403165e+03	1.199101003911609276e+01
3.476872133321599989e+01	6.691051356486577788e+03	1.195110239532105467e+01
3.478534033688658411e+01	6.678167735594314763e+03	1.227893695539423646e+01
3.480195938695185731e+01	6.680057122070664263e+03	1.234975212850139137e+01
3.481857848340087003e+01	6.675632638073093403e+03	1.190772779426715822e+01
3.483519762622268701e+01	6.684448213677541389e+03	1.244480471750236816e+01
3.485181681540637300e+01	6.665858228898518064e+03	1.220248900986335983e+01
3.486843605094099985e+01	6.661235627168254723e+03	1.242027695501126239e+01
3.488505533281561810e+01	6.679684682625249479e+03	1.258176305318201571e+01
3.490167466101930671e+01	6.670950718400617916e+03	1.250024338392837286e+01
3.491829403554111622e+01	6.684076528272519681e+03	1.269277664080601120e+01
3.493491345637011136e+01	6.670234034332596821e+03	1.276339095397496237e+01
3.495153292349536400e+01	6.660267297355969276e+03	1.245662744366030950e+01
3.496815243690591757e+01	6.670407782054991912e+03	1.256486408771714025e+01
3.498477199659086523e+01	6.688159622425400812e+03	1.250638403001295451e+01
3.500139160253925752e+01	6.669606850153005325e+03	1.271410785687879752e+01
3.501801125474013787e+01	6.662947519940744314e+03	1.251460955530903263e+01
3.503463095318260656e+01	6.686409071569294611e+03	1.235020256592047971e+01
3.505125069785569991e+01	6.671127531617004024e+03	1.249164627391403393e+01
3.506787048874849688e+01	6.662079715976212356e+03	1.250915069553162873e+01
3.508449032585004090e+01	6.650515540181730103e+03	1.252271455160861180e+01
3.510111020914941804e+01	6.666947690081322435e+03	1.229677317130237668e+01
3.511773013863567883e+01	6.649320457841491589e+03	1.201007760765362953e+01
3.513435011429788801e+01	6.667113236772018354e+03	1.197880107243609515e+01
3.515097013612511034e+01	6.662970738989752135e+03	1.243870723277837875e+01
3.516759020410641057e+01	6.661216417523352902e+03	1.280700551748714133e+01
3.518421031823085343e+01	6.656925952909481566e+03	1.226269991960165129e+01
3.520083047848750368e+01	6.649235562406573990e+03	1.235492818803346893e+01
3.521745068486541186e+01	6.641606767920115090e+03	1.256157196535991361e+01
3.523407093735366402e+01	6.657932128610356813e+03	1.242412533910778905e+01
3.525069123594131071e+01	6.647733060854462565e+03	1.234511602588345269e+01
3.526731158061740956e+01	6.662371364430438007e+03	1.226061247078326133e+01
3.528393197137102533e+01	6.646324666761777735e+03	1.254999629357089397e+01
3.530055240819123696e+01	6.637923110842076312e+03	1.189272515429368759e+01
3.531717289106709501e+01	6.650153181734628561e+03	1.200704394063230573e+01
3.533379341998765710e+01	6.646416681323374178e+03	1.222591930923879744e+01
3.535041399494200220e+01	6.657342009122806303e+03	1.254571684235583895e+01
3.536703461591918085e+01	6.629560015089191438e+03	1.219325201355769295e+01
3.538365528290827200e+01	6.647935415301863031e+03	1.216879294734978245e+01
3.540027599589832619e+01	6.646626583565238434e+03	1.188178281509120993e+01
3.541689675487840816e+01	6.637145695982076177e+03	1.185769570696836261e+01
3.543351755983758267e+01	6.651758642489912745e+03	1.207631730005656401e+01
3.545013841076492156e+01	6.666873320278440588e+03	1.211789863063168937e+01
3.546675930764947537e+01	6.638999806310113854e+03	1.255871357730373461e+01
3.548338025048030175e+01	6.626073943605518252e+03	1.203997975433875567e+01
3.550000123924649387e+01	6.629035144368834153e+03	1.205776790504496709e+01
3.551662227393708804e+01	6.642042018188762086e+03	1.226372568519123796e+01
3.553324335454114902e+01	6.631092058983422248e+03	1.225908856762517374e+01
3.554986448104776287e+01	6.632486449454547255e+03	1.210834453272016908e+01
3.556648565344596591e+01	6.644213997949706936e+03	1.229060767704480917e+01
3.558310687172483711e+01	6.638615092792972973e+03	1.249396975947995969e+01
3.559972813587344120e+01	6.641113680164516154e+03	1.233544497762631131e+01
3.561634944588082874e+01	6.633160109724701215e+03	1.211570163190549998e+01
3.563297080173607867e+01	6.624944383095158628e+03	1.230675453644474793e+01
3.564959220342824864e+01	6.635981940944065173e+03	1.197602173692012606e+01
3.566621365094640339e+01	6.633526242854304655e+03	1.179488937393409920e+01
3.568283514427959346e+01	6.624869950534053714e+03	1.195001351748301666e+01
3.569945668341689782e+01	6.625609819015502580e+03	1.207390495816059683e+01
3.571607826834737409e+01	6.623187198545012507e+03	1.198975287894960751e+01
3.573269989906007993e+01	6.630709482624793964e+03	1.229546023289854695e+01
3.574932157554409429e+01	6.635884431015140763e+03	1.201894210619571979e+01
3.576594329778846770e+01	6.626717569044888478e+03	1.177072723382956809e+01
3.578256506578227203e+01	6.622802659619102997e+03	1.203304903222816336e+01
3.579918687951456491e+01	6.621813222628940821e+03	1.155650481029060472e+01
3.581580873897441109e+01	6.635979132376857706e+03	1.175992471139694295e+01
3.583243064415087531e+01	6.628104877936084449e+03	1.183998508858236498e+01
3.584905259503302233e+01	6.617135820661192156e+03	1.202310755001246712e+01
3.586567459160990978e+01	6.625688729815588886e+03	1.240185318044062690e+01
3.588229663387060242e+01	6.621082986345816607e+03	1.196311150656378963e+01
3.589891872180417209e+01	6.617815662313408211e+03	1.196541254048262282e+01
3.591554085539967645e+01	6.617544477172612460e+03	1.165936484694202413e+01
3.593216303464617312e+01	6.630826587540163018e+03	1.181736659670219503e+01
3.594878525953272685e+01	6.620192681201856431e+03	1.207171662487673380e+01
3.596540753004841662e+01	6.620449568827050825e+03	1.157792902529561374e+01
3.598202984618229294e+01	6.610921610975227850e+03	1.212453655552643639e+01
3.599865220792342768e+01	6.625583407380249810e+03	1.167956075231952617e+01
3.601527461526086427e+01	6.625336039358087874e+03	1.173379010015473511e+01
3.603189706818368876e+01	6.625550951922734384e+03	1.216590867991002689e+01
3.604851956668095170e+01	6.615077364205874801e+03	1.238112504768834476e+01
3.606514211074172493e+01	6.614884234902969183e+03	1.208696528616958865e+01
3.608176470035506611e+01	6.612019077597127762e+03	1.243986958380352270e+01
3.609838733551003997e+01	6.605232137319268077e+03	1.178628291251119187e+01
3.611501001619571127e+01	6.616517563609595527e+03	1.115436740936804050e+01
3.613163274240113765e+01	6.605440117549032038e+03	1.190213026086570025e+01
3.614825551411538385e+01	6.602081624981707137e+03	1.220487822994732952e+01
3.616487833132752883e+01	6.625354581363942998e+03	1.175586319667995028e+01
3.618150119402662312e+01	6.608585532236656945e+03	1.178595934419784008e+01
3.619812410220173149e+01	6.623075464223618837e+03	1.181830580901289807e+01
3.621474705584191156e+01	6.600194457677616811e+03	1.198091858909198137e+01
3.623137005493623519e+01	6.589410668939050083e+03	1.138917408560164723e+01
3.624799309947376713e+01	6.601563302617821137e+03	1.161198466001316909e+01
3.626461618944356502e+01	6.609473470308240394e+03	1.178543508277836160e+01
3.628123932483468650e+01	6.602060330408005939e+03	1.208119148405503829e+01
3.629786250563621763e+01	6.606465189830774762e+03	1.166428320486033243e+01
3.631448573183720185e+01	6.613457446211707065e+03	1.133107635292636672e+01
3.633110900342669680e+01	6.611531440567592654e+03	1.167923088457797576e+01
3.634773232039378144e+01	6.600010246458135953e+03	1.160896102357544279e+01
3.636435568272752761e+01	6.607433721270732349e+03	1.169722537108594373e+01
3.638097909041697875e+01	6.592074364664567838e+03	1.140321825876381467e+01
3.639760254345120671e+01	6.592908037649727703e+03	1.171739259266147926e+01
3.641422604181926914e+01	6.599127315564053788e+03	1.158008232485489764e+01
3.643084958551023789e+01	6.586946109614108536e+03	1.152941714442444976e+01
3.644747317451317770e+01	6.592915941952124740e+03	1.146822160604546070e+01
3.646409680881714621e+01	6.590997515686857696e+03	1.137110949337724541e+01
3.648072048841120107e+01	6.588269084029907390e+03	1.157102221609809156e+01
3.649734421328442124e+01	6.596023116684742490e+03	1.123294205762691611e+01
3.651396798342585726e+01	6.569503286605735411e+03	1.181421523265590956e+01
3.653059179882457386e+01	6.571549982206764980e+03	1.120716674015552350e+01
3.654721565946964290e+01	6.587113875266446485e+03	1.148327533269419831e+01
3.656383956535012203e+01	6.581056655020182006e+03	1.115988687181061678e+01
3.658046351645507599e+01	6.580538110500870971e+03	1.113126173416760700e+01
3.659708751277356953e+01	6.582427597947134927e+03	1.099696638992737796e+01
3.661371155429466029e+01	6.578922150445465377e+03	1.136806902905517447e+01
3.663033564100742012e+01	6.571270940957451785e+03	1.120301228017120287e+01
3.664695977290091378e+01	6.570086319947238735e+03	1.164739581827598158e+01
3.666358394996419179e+01	6.571003388218192413e+03	1.127544201574139215e+01
3.668020817218631890e+01	6.593346589355947799e+03	1.096057563530475498e+01
3.669683243955637408e+01	6.584495911471719410e+03	1.133595356703261103e+01
3.671345675206341497e+01	6.560580004226565507e+03	1.132812576058683085e+01
3.673008110969649209e+01	6.584264555949580426e+03	1.129228917628120854e+01
3.674670551244467731e+01	6.565978560146308155e+03	1.099938114199342643e+01
3.676332996029704248e+01	6.582590096411917330e+03	1.094261987443342932e+01
3.677995445324264523e+01	6.571111654474519128e+03	1.086620464058058388e+01
3.679657899127054321e+01	6.564174965437969149e+03	1.100116747299792586e+01
3.681320357436980117e+01	6.564152062659242802e+03	1.143448349431785971e+01
3.682982820252949807e+01	6.573019803565153779e+03	1.104465488920532934e+01
3.684645287573867733e+01	6.564368391583504490e+03	1.152101991320591878e+01
3.686307759398641792e+01	6.553249018625268945e+03	1.095109141046883749e+01
3.687970235726176327e+01	6.554850760610839643e+03	1.087402178177403655e+01
3.689632716555379943e+01	6.551517583888295121e+03	1.121628032244036888e+01
3.691295201885157695e+01	6.554057979701418844e+03	1.126504357747418261e+01
3.692957691714416057e+01	6.555544238584123377e+03	1.112835544044841107e+01
3.694620186042060794e+01	6.540069652488746215e+03	1.104732736964229822e+01
3.696282684867000512e+01	6.545949207216352079e+03	1.097908854023875413e+01
3.697945188188139554e+01	6.555017904936379637e+03	1.098306952660507640e+01
3.699607696004384394e+01	6.561325321941636503e+03	1.090401421029235429e+01
3.701270208314641508e+01	6.556947071416668223e+03	1.080661424876316978e+01
3.702932725117818791e+01	6.536965943764282201e+03	1.076798709522682351e+01
3.704595246412820586e+01	6.543817378665264187e+03	1.064529914014864964e+01
3.706257772198554079e+01	6.539081603801842903e+03	1.081951418413870769e+01
3.707920302473925034e+01	6.541756550013369633e+03	1.097483330151892211e+01
3.709582837237840636e+01	6.535369558732039877e+03	1.071864054441016378e+01
3.711245376489207359e+01	6.537437782229986624e+03	1.064485537069703014e+01
3.712907920226929548e+01	6.540526177918410212e+03	1.075600994647129660e+01
3.714570468449915808e+01	6.540856801205500233e+03	1.130190186599826241e+01
3.716233021157072614e+01	6.529035580187903179e+03	1.070740583571668481e+01
3.717895578347305019e+01	6.540706683314963811e+03	1.103387112263609993e+01
3.719558140019519499e+01	6.547984928746745936e+03	1.097686937587672595e+01
3.721220706172622528e+01	6.534765195462829070e+03	1.065812167904178231e+01
3.722883276805521291e+01	6.517821058452449506e+03	1.080814257289716096e+01
3.724545851917120842e+01	6.520683159688407613e+03	1.105098666863297296e+01
3.726208431506329077e+01	6.535872395181337197e+03	1.127217588572677265e+01
3.727871015572050339e+01	6.525540062942754957e+03	1.098229029582299887e+01
3.729533604113192524e+01	6.523312378772607190e+03	1.062309769470459209e+01
3.731196197128661396e+01	6.526459787962541668e+03	1.104776672459330200e+01
3.732858794617363429e+01	6.521179255873816146e+03	1.087377141326216368e+01
3.734521396578204389e+01	6.517085560971932864e+03	1.077917492458030502e+01
3.736184003010092169e+01	6.508050239351675373e+03	1.118514290297302338e+01
3.737846613911932536e+01	6.520150206325088220e+03	1.105096061234081617e+01
3.739509229282631253e+01	6.526878535607322192e+03	1.106034305585021471e+01
3.741171849121094084e+01	6.510444678396219388e+03	1.088950496724458183e+01
3.742834473426228925e+01	6.522583875816421823e+03	1.132820862345608148e+01
3.744497102196940830e+01	6.511690753874262555e+03	1.133143159436762559e+01
3.746159735432137694e+01	6.516598170204918461e+03	1.113543241599710854e+01
3.747822373130723150e+01	6.516103092073715743e+03	1.091511718439319800e+01
3.749485015291606516e+01	6.510883021653922697e+03	1.110576206381797881e+01
3.751147661913692843e+01	6.513081623901973217e+03	1.109034643897752304e+01
3.752810312995887898e+01	6.498086858706536077e+03	1.157647800273297101e+01
3.754472968537098865e+01	6.512624530576918914e+03	1.155797485353058107e+01
3.756135628536232218e+01	6.496249652705368135e+03	1.201209988894323999e+01
3.757798292992194433e+01	6.507470309695565447e+03	1.073031314627871424e+01
3.759460961903891274e+01	6.488198054601183685e+03	1.118515627589112960e+01
3.761123635270228505e+01	6.503674892311682925e+03	1.113415875448304604e+01
3.762786313090113310e+01	6.488944669579374022e+03	1.133065042073010176e+01
3.764448995362452877e+01	6.496374008731871072e+03	1.122477589429000666e+01
3.766111682086152257e+01	6.494014473780864137e+03	1.118282808285966645e+01
3.767774373260117216e+01	6.490858451492387758e+03	1.133916569872874192e+01
3.769437068883255648e+01	6.499316457088649258e+03	1.115658756380195271e+01
3.771099768954473319e+01	6.491213409678459357e+03	1.117571113008431283e+01
3.772762473472675993e+01	6.486055086848658902e+03	1.084715246912361231e+01
3.774425182436770854e+01	6.475383307499819239e+03	1.127523755703019148e+01
3.776087895845664377e+01	6.491609691737299727e+03	1.133165664879403955e+01
3.777750613698263038e+01	6.503770682918860075e+03	1.116222871776322378e+01
3.779413335993471890e+01	6.490948853311707353e+03	1.082808771182101459e+01
3.781076062730197407e+01	6.494589970699899823e+03	1.100192290385141547e+01
3.782738793907347485e+01	6.495223774663490985e+03	1.151131168332029198e+01
3.784401529523827890e+01	6.493552583113450964e+03	1.093963024873964329e+01
3.786064269578544383e+01	6.493489904878729249e+03	1.081210492835200832e+01
3.787727014070402731e+01	6.493301984874904520e+03	1.128989785468241713e+01
3.789389762998310829e+01	6.483421049756430875e+03	1.119506447585444420e+01
3.791052516361175151e+01	6.486148250627857124e+03	1.065374207657878713e+01
3.792715274157899330e+01	6.474208426093833623e+03	1.115072478246779397e+01
3.794378036387391973e+01	6.483157430901226689e+03	1.096195079925458238e+01
3.796040803048560264e+01	6.493311893395589323e+03	1.118608704994407965e+01
3.797703574140309257e+01	6.490970764832114583e+03	1.152418028992039467e+01
3.799366349661544717e+01	6.488595490048194733e+03	1.118092756480763938e+01
3.801029129611173829e+01	6.481342231395939962e+03	1.117702005222719919e+01
3.802691913988103067e+01	6.473821248435525376e+03	1.084642798672561348e+01
3.804354702791238196e+01	6.485752033420531006e+03	1.088614253774744789e+01
3.806017496019486401e+01	6.480182458204931208e+03	1.103022533087552226e+01
3.807680293671752736e+01	6.493704119713484033e+03	1.063362547874861974e+01
3.809343095746945096e+01	6.488008743014135689e+03	1.068828755251610119e+01
3.811005902243968535e+01	6.489022032869304894e+03	1.085355255822968878e+01
3.812668713161729528e+01	6.483389726606597833e+03	1.070741143003026252e+01
3.814331528499135260e+01	6.475082843327288174e+03	1.082354485752188289e+01
3.815994348255092206e+01	6.490844127139229386e+03	1.080705491084095371e+01
3.817657172428505419e+01	6.496186623488902114e+03	1.065488629926777087e+01
3.819320001018282795e+01	6.474998291841608079e+03	1.107008316081977561e+01
3.820982834023328678e+01	6.487713111408604163e+03	1.062448709802977298e+01
3.822645671442551674e+01	6.498031657145613281e+03	1.065623865883668131e+01
3.824308513274856836e+01	6.492590444239905992e+03	1.071955022946564995e+01
3.825971359519150639e+01	6.467862293243711974e+03	1.084413053558345297e+01
3.827634210174338847e+01	6.485417881374572971e+03	1.086244186837156533e+01
3.829297065239329356e+01	6.470947471769448384e+03	1.082323342683547729e+01
3.830959924713027931e+01	6.489237926013065589e+03	1.058310126952799735e+01
3.832622788594339625e+01	6.467497044134403041e+03	1.058899638167355839e+01
3.834285656882171622e+01	6.465469075694225467e+03	1.064906715364179668e+01
3.835948529575431110e+01	6.481205466015090678e+03	1.094821992805498567e+01
3.837611406673023851e+01	6.476031359503306703e+03	1.091611990276959432e+01
3.839274288173856320e+01	6.484263381151736212e+03	1.083948671159651056e+01
3.840937174076834282e+01	6.467755225935170529e+03	1.054423348869443444e+01
3.842600064380864922e+01	6.468018148960262806e+03	1.079863605521702574e+01
3.844262959084854003e+01	6.475047946222448445e+03	1.085831661427389783e+01
3.845925858187708002e+01	6.454387236818850397e+03	1.059513034008575438e+01
3.847588761688332681e+01	6.470057584221701291e+03	1.070361925831668692e+01
3.849251669585635938e+01	6.468179025452172937e+03	1.084105491767735785e+01
3.850914581878522824e+01	6.478977564865037493e+03	1.053113385168781946e+01
3.852577498565899816e+01	6.463764883625079165e+03	1.089288673474447755e+01
3.854240419646673388e+01	6.472226048916786567e+03	1.064743058330821590e+01
3.855903345119750014e+01	6.463545275630928700e+03	1.072891244804384137e+01
3.857566274984036880e+01	6.463664210209678458e+03	1.049995283811168179e+01
3.859229209238439040e+01	6.466632455292725354e+03	1.103849511510360060e+01
3.860892147881862257e+01	6.448825847841841096e+03	1.081476252089131229e+01
3.862555090913215139e+01	6.442190888094253751e+03	1.078207009941874617e+01
3.864218038331402738e+01	6.456443466919726234e+03	1.092227435329753149e+01
3.865880990135331530e+01	6.456072434009969584e+03	1.091823044496394068e+01
3.867543946323907278e+01	6.460791783335788750e+03	1.059642497948760642e+01
3.869206906896037168e+01	6.443135008935589212e+03	1.098596891608748649e+01
3.870869871850626964e+01	6.444591506420085352e+03	1.053272424748429970e+01
3.872532841186583141e+01	6.461227773003508446e+03	1.084590214088042615e+01
3.874195814902812174e+01	6.457476595291234844e+03	1.097470710604646627e+01
3.875858792998220537e+01	6.431000964542480688e+03	1.090206791387496921e+01
3.877521775471715415e+01	6.452640330033493228e+03	1.068536644120619705e+01
3.879184762322201863e+01	6.449137033328819598e+03	1.075109664047705671e+01
3.880847753548585644e+01	6.446326102383463876e+03	1.088091176532675064e+01
3.882510749149774654e+01	6.427099472144329411e+03	1.063181995379160938e+01
3.884173749124674657e+01	6.443286607195856050e+03	1.087176048752495028e+01
3.885836753472192129e+01	6.439295509138035413e+03	1.093220951139543295e+01
3.887499762191232833e+01	6.438456790189564344e+03	1.088675584454554368e+01
3.889162775280703954e+01	6.436298251379461362e+03	1.084941010183323229e+01
3.890825792739511968e+01	6.453556771271873913e+03	1.048756510965740141e+01
3.892488814566561217e+01	6.447436163965876403e+03	1.081966926198013290e+01
3.894151840760760308e+01	6.427126808992230508e+03	1.067515303274397098e+01
3.895814871321015005e+01	6.457149213337006586e+03	1.037738639860825174e+01
3.897477906246231782e+01	6.432872539255222364e+03	1.091097778832107501e+01
3.899140945535316405e+01	6.443283145279155178e+03	1.060821839710621362e+01
3.900803989187174636e+01	6.434202777440278624e+03	1.069173311302374252e+01
3.902467037200715083e+01	6.429523199396704513e+03	1.108478782374095495e+01
3.904130089574842088e+01	6.447123720763871461e+03	1.096149531043826819e+01
3.905793146308462838e+01	6.441213975148115424e+03	1.030030269904603912e+01
3.907456207400483095e+01	6.443229102059491197e+03	1.083931855089801566e+01
3.909119272849809335e+01	6.436612252856408304e+03	1.061588149748245691e+01
3.910782342655348742e+01	6.417780090400248810e+03	1.064565713238620859e+01
3.912445416816006372e+01	6.419267213556999195e+03	1.105703714817060046e+01
3.914108495330689408e+01	6.425583678491943829e+03	1.073530726112490008e+01
3.915771578198305036e+01	6.431600958834582343e+03	1.088952394161633386e+01
3.917434665417757600e+01	6.434646563871949184e+03	1.103990753365736488e+01
3.919097756987955705e+01	6.431343760582874893e+03	1.090407386536856649e+01
3.920760852907802985e+01	6.433429005509229683e+03	1.097930367370416249e+01
3.922423953176208045e+01	6.418185774907125051e+03	1.092422162339856939e+01
3.924087057792076649e+01	6.421463659249888224e+03	1.125717657809252970e+01
3.925750166754314563e+01	6.434895379170977321e+03	1.119564664117103270e+01
3.927413280061828260e+01	6.415696042253548512e+03	1.128344203578806315e+01
3.929076397713524926e+01	6.417738313819952964e+03	1.107730044868154273e+01
3.930739519708310326e+01	6.411252103204897139e+03	1.119796442599736608e+01
3.932402646045090222e+01	6.410203152037374821e+03	1.108700303618326544e+01
3.934065776722771801e+01	6.410503100315463598e+03	1.104584742998243563e+01
3.935728911740261537e+01	6.422437241484418337e+03	1.109357010565431167e+01
3.937392051096465906e+01	6.415512081389086234e+03	1.126668389076547072e+01
3.939055194790290670e+01	6.433373164354873552e+03	1.128174190159580803e+01
3.940718342820640885e+01	6.410106703383082277e+03	1.096030911214171688e+01
3.942381495186425866e+01	6.409625654888868667e+03	1.162124437107389952e+01
3.944044651886549957e+01	6.379763595248323327e+03	1.158775605346696125e+01
3.945707812919920343e+01	6.427201153962134413e+03	1.154720058763399138e+01
3.947370978285442078e+01	6.391214613026701954e+03	1.185441264452182075e+01
3.949034147982023057e+01	6.410151128380748560e+03	1.125595644458326916e+01
3.950697322008569046e+01	6.412281327412211795e+03	1.126110524934811963e+01
3.952360500363985096e+01	6.415136474018301669e+03	1.129506189199728716e+01
3.954023683047179105e+01	6.399643259417388435e+03	1.105676372362322546e+01
3.955686870057058258e+01	6.418061125701797209e+03	1.102867109172044024e+01
3.957350061392527607e+01	6.408389495849249215e+03	1.160034200301032925e+01
3.959013257052493628e+01	6.392110341660386439e+03	1.141101245955147725e+01
3.960676457035862086e+01	6.400906998031920011e+03	1.127819215672459130e+01
3.962339661341540165e+01	6.388325387708371636e+03	1.162371852805964068e+01
3.964002869968434339e+01	6.396955348687993137e+03	1.136695354298711180e+01
3.965666082915450374e+01	6.388499249306842103e+03	1.140630297676741201e+01
3.967329300181494744e+01	6.386422418138157809e+03	1.139999528983733690e+01
3.968992521765474635e+01	6.402945986705331961e+03	1.153165840647469054e+01
3.970655747666295099e+01	6.383332503234323667e+03	1.187091875790989270e+01
3.972318977882862612e+01	6.381030846549968373e+03	1.150372498576112257e+01
3.973982212414083648e+01	6.393216000057731435e+03	1.132366144361314753e+01
3.975645451258866103e+01	6.375649270684531075e+03	1.160804785835938269e+01
3.977308694416115031e+01	6.383670369728706646e+03	1.164872280849928643e+01
3.978971941884736907e+01	6.395418541878505494e+03	1.129813304827306375e+01
3.980635193663636784e+01	6.366492355673310158e+03	1.199685548713965666e+01
3.982298449751723268e+01	6.370096298173229115e+03	1.154813972167050018e+01
3.983961710147902124e+01	6.370714089508503093e+03	1.169854903400688784e+01
3.985624974851078406e+01	6.372856927704497139e+03	1.151140734370010321e+01
3.987288243860159298e+01	6.383274717930042243e+03	1.157955406169152113e+01
3.988951517174051986e+01	6.386392347227434584e+03	1.184127724004278903e+01
3.990614794791661524e+01	6.363382077858283083e+03	1.171951393173956468e+01
3.992278076711894386e+01	6.370463533873523374e+03	1.194978411775413463e+01
3.993941362933657047e+01	6.374584123913583426e+03	1.180630741853850196e+01
3.995604653455857402e+01	6.401957914778364284e+03	1.168440657106894953e+01
3.997267948277399796e+01	6.376904269713363647e+03	1.199290038741172459e+01
3.998931247397191413e+01	6.368603509092682543e+03	1.176233873186750500e+01
4.000594550814138017e+01	6.374675318037374382e+03	1.187683013568092427e+01
4.002257858527147505e+01	6.381863412647398036e+03	1.164011312557759226e+01
4.003921170535124219e+01	6.363330983915207980e+03	1.183149554002046600e+01
4.005584486836975344e+01	6.366357571691893099e+03	1.144459588033085673e+01
4.007247807431608067e+01	6.371169552956844200e+03	1.170649084715594412e+01
4.008911132317927439e+01	6.378933842633821769e+03	1.135932998261993632e+01
4.010574461494840648e+01	6.391772908672533958e+03	1.135766686190814667e+01
4.012237794961252746e+01	6.376517183879905133e+03	1.177375387770825554e+01
4.013901132716071629e+01	6.389632934759816635e+03	1.137950606827738120e+01
4.015564474758203772e+01	6.368712513637289703e+03	1.134607205507755090e+01
4.017227821086554229e+01	6.369314574297544823e+03	1.121438451973646799e+01
4.018891171700030895e+01	6.363936201809841805e+03	1.134075487035739727e+01
4.020554526597538114e+01	6.368442784546372422e+03	1.137403014734150197e+01
4.022217885777983781e+01	6.382189046228195366e+03	1.125522336784881716e+01
4.023881249240273661e+01	6.373125772181781940e+03	1.116208560230258762e+01
4.025544616983313517e+01	6.355591210736385619e+03	1.132537475342258659e+01
4.027207989006011246e+01	6.352691223907677340e+03	1.101933525294317917e+01
4.028871365307272612e+01	6.367905586782604587e+03	1.108597347610073136e+01
4.030534745886004089e+01	6.358470322951382514e+03	1.099371135533370669e+01
4.032198130741110020e+01	6.374366404694338598e+03	1.096041649924738159e+01
4.033861519871499013e+01	6.338184883769862608e+03	1.119625149209607429e+01
4.035524913276076830e+01	6.354544657936959084e+03	1.110306372814541120e+01
4.037188310953750658e+01	6.339878939175971027e+03	1.094204728113021474e+01
4.038851712903424840e+01	6.365781325350995758e+03	1.094426606287504278e+01
4.040515119124007271e+01	6.339887196889131701e+03	1.114880439987826399e+01
4.042178529614404425e+01	6.365099580017437802e+03	1.064878666575331678e+01
4.043841944373522068e+01	6.363051312158751898e+03	1.078288846039341387e+01
4.045505363400265253e+01	6.363937745624145464e+03	1.138672922582761160e+01
4.047168786693542586e+01	6.357793979455105728e+03	1.137152972204866153e+01
4.048832214252259831e+01	6.365525915698611243e+03	1.107213075078417042e+01
4.050495646075322753e+01	6.339981111403048999e+03	1.100280456620360248e+01
4.052159082161637826e+01	6.342299955077442974e+03	1.148278313328705913e+01
4.053822522510110815e+01	6.331221365358584080e+03	1.139814602945489241e+01
4.055485967119649615e+01	6.341492548344081115e+03	1.149158190727229290e+01
4.057149415989159991e+01	6.358341751782458232e+03	1.091925114970506527e+01
4.058812869117546995e+01	6.345929169701366845e+03	1.110105294043865953e+01
4.060476326503719235e+01	6.353057582170133173e+03	1.128150307873778502e+01
4.062139788146581765e+01	6.351203223491631434e+03	1.088181531478709019e+01
4.063803254045040347e+01	6.322130677489193658e+03	1.091571787075478817e+01
4.065466724198002169e+01	6.330341025872190585e+03	1.090548116862663264e+01
4.067130198604373703e+01	6.332300761435217282e+03	1.090051718940268977e+01
4.068793677263060715e+01	6.338715891417044986e+03	1.124511609745693441e+01
4.070457160172970390e+01	6.338896041222946224e+03	1.110898266135234458e+01
4.072120647333007781e+01	6.333571824937222118e+03	1.103886157239726806e+01
4.073784138742079364e+01	6.334448419270695013e+03	1.129054378828068295e+01
4.075447634399093744e+01	6.345572832530298911e+03	1.149191592381915505e+01
4.077111134302954554e+01	6.342302231665624277e+03	1.099023644352606510e+01
4.078774638452569690e+01	6.324050873108952146e+03	1.141170260130734526e+01
4.080438146846844916e+01	6.339231147203947330e+03	1.140255166712554846e+01
4.082101659484686706e+01	6.331469620621161084e+03	1.133764298648998370e+01
4.083765176365002247e+01	6.315935106243885457e+03	1.095446322110369231e+01
4.085428697486695881e+01	6.329896173631843340e+03	1.070827724336982989e+01
4.087092222848675505e+01	6.322841856559439293e+03	1.112235054852346217e+01
4.088755752449847591e+01	6.331407502425028724e+03	1.135537058569000379e+01
4.090419286289117906e+01	6.314747549838257328e+03	1.094194207755175086e+01
4.092082824365391502e+01	6.337670617690037034e+03	1.114066651505423344e+01
4.093746366677576987e+01	6.304283226232384550e+03	1.088203858743843355e+01
4.095409913224580123e+01	6.312735435502643668e+03	1.107890443580201101e+01
4.097073464005306676e+01	6.314922347840691145e+03	1.068244280046961059e+01
4.098737019018663119e+01	6.323673078174882903e+03	1.087783417347330328e+01
4.100400578263556639e+01	6.333662279643764123e+03	1.043156422293194829e+01
4.102064141738892999e+01	6.323287944388774122e+03	1.056856960919292554e+01
4.103727709443577965e+01	6.317196623782102506e+03	1.120139273251967715e+01
4.105391281376518009e+01	6.322031175283818811e+03	1.107964636146349946e+01
4.107054857536621029e+01	6.325385628436403749e+03	1.073020433851175603e+01
4.108718437922791367e+01	6.326113920963040073e+03	1.035102910552534716e+01
4.110382022533936919e+01	6.301932190600065951e+03	1.041757217513517020e+01
4.112045611368961318e+01	6.310750297996077279e+03	1.042008635268804362e+01
4.113709204426774591e+01	6.325619471937387061e+03	1.044159662710040237e+01
4.115372801706281791e+01	6.322637980738121769e+03	1.028835368277026063e+01
4.117036403206388684e+01	6.307072713302327429e+03	1.038734198457380664e+01
4.118700008926001033e+01	6.321040986000183693e+03	1.039437019324777189e+01
4.120363618864026733e+01	6.314742767579809879e+03	1.062757982471376295e+01
4.122027233019370840e+01	6.311680109888877269e+03	1.049188576296790743e+01
4.123690851390941248e+01	6.303740210520107212e+03	1.072562821707628267e+01
4.125354473977641589e+01	6.311561210815947561e+03	9.982708708249194984e+00
4.127018100778381182e+01	6.306729261238642721e+03	1.043639740430377216e+01
4.128681731792065079e+01	6.300976405344588784e+03	1.070548950859503812e+01
4.130345367017599756e+01	6.293316032832037308e+03	9.951616550706249953e+00
4.132009006453890265e+01	6.297091738545965200e+03	1.041053885739322737e+01
4.133672650099845214e+01	6.291931051034292977e+03	1.036827314765855590e+01
4.135336297954370366e+01	6.300451064239154221e+03	1.037591387613910143e+01
4.136999950016370775e+01	6.306361923082380599e+03	1.005302422333830847e+01
4.138663606284753627e+01	6.283151416045196129e+03	1.058843415935039545e+01
4.140327266758426106e+01	6.291824011086110659e+03	1.054160114266244364e+01
4.141990931436293266e+01	6.282318764743837164e+03	1.062751782872353523e+01
4.143654600317262293e+01	6.283694173106247035e+03	1.056755971368962399e+01
4.145318273400238240e+01	6.293857422312162271e+03	1.081481923296670367e+01
4.146981950684129004e+01	6.302443711632097802e+03	1.024210364685875874e+01
4.148645632167840347e+01	6.281967436876702777e+03	1.063556259536027326e+01
4.150309317850278745e+01	6.284389366139861522e+03	1.048367655555085953e+01
4.151973007730349252e+01	6.294729005013205096e+03	1.069360972738229698e+01
4.153636701806960474e+01	6.269622754129060922e+03	1.047794610111380464e+01
4.155300400079017464e+01	6.276817498494188840e+03	1.034345739588084889e+01
4.156964102545426698e+01	6.294616156142905311e+03	1.030461775502230282e+01
4.158627809205093939e+01	6.286537951958005578e+03	1.043867496516710780e+01
4.160291520056927084e+01	6.289788891637681445e+03	1.096477114774225825e+01
4.161955235099831896e+01	6.287867418087302212e+03	1.015996179277538403e+01
4.163618954332714139e+01	6.283815480922872666e+03	1.063554702123024676e+01
4.165282677754479579e+01	6.274381795263563617e+03	1.057273097107605686e+01
4.166946405364036110e+01	6.278391434308392490e+03	1.059922329592331991e+01
4.168610137160289497e+01	6.291047481807273471e+03	1.046162937555035910e+01
4.170273873142145504e+01	6.282821593280740672e+03	1.086831512758664076e+01
4.171937613308509896e+01	6.265961860676983633e+03	1.052123264073614450e+01
4.173601357658291988e+01	6.283719183037102994e+03	1.009426643909577948e+01
4.175265106190395414e+01	6.269641077642228993e+03	1.040846161472859421e+01
4.176928858903728070e+01	6.265108385313155850e+03	1.069372333850531298e+01
4.178592615797194298e+01	6.299761387902462957e+03	1.050682375616298714e+01
4.180256376869702706e+01	6.260078393774429060e+03	1.003580385803674524e+01
4.181920142120158346e+01	6.279653800617648812e+03	1.033168666415166115e+01
4.183583911547467693e+01	6.255114850879723235e+03	1.095634421227805610e+01
4.185247685150537222e+01	6.266965526637519361e+03	1.077544815623219243e+01
4.186911462928274119e+01	6.260959018511217437e+03	1.111674508626727587e+01
4.188575244879583437e+01	6.256384027842305841e+03	1.049512076193251531e+01
4.190239031003372361e+01	6.265884257863081075e+03	1.063432031136991007e+01
4.191902821298545234e+01	6.261905546863577911e+03	1.057197476070713371e+01
4.193566615764011374e+01	6.265168215693443017e+03	1.072161009352078764e+01
4.195230414398676544e+01	6.261341503180776272e+03	1.054227941145935432e+01
4.196894217201445798e+01	6.262046520394969775e+03	1.013186757229675372e+01
4.198558024171225611e+01	6.260967716763439967e+03	1.061210122935069222e+01
4.200221835306923168e+01	6.249694371334187963e+03	1.067090458931009955e+01
4.201885650607444944e+01	6.248436601551082276e+03	1.067682073577400281e+01
4.203549470071696703e+01	6.249829396911509320e+03	1.096347048617914055e+01
4.205213293698584209e+01	6.250936281729254915e+03	1.031145063351343616e+01
4.206877121487014648e+01	6.250076971067588602e+03	1.017120253821906140e+01
4.208540953435894494e+01	6.248504716984574770e+03	1.065020556539882435e+01
4.210204789544130222e+01	6.251108421418754006e+03	1.048319408757295790e+01
4.211868629810626175e+01	6.252873777166344553e+03	1.041061084616028865e+01
4.213532474234291669e+01	6.258424473333225251e+03	1.088284354168564150e+01
4.215196322814031760e+01	6.246935014284353201e+03	1.117466914488651675e+01
4.216860175548752920e+01	6.243187824245669617e+03	1.092330846435195646e+01
4.218524032437360205e+01	6.241473422155146181e+03	1.040380266460183023e+01
4.220187893478761509e+01	6.242854336847432933e+03	1.014969244799382153e+01
4.221851758671863308e+01	6.246051308102631083e+03	1.042141233664824362e+01
4.223515628015571366e+01	6.236353347696302080e+03	1.049396077448160725e+01
4.225179501508791446e+01	6.247277924527947107e+03	1.053699626932415789e+01
4.226843379150430735e+01	6.227964201914613113e+03	1.112231182248216754e+01
4.228507260939395707e+01	6.245801513948956199e+03	1.098137727184716361e+01
4.230171146874592125e+01	6.250605703352848650e+03	1.054410732462473810e+01
4.231835036954925044e+01	6.240039656121029111e+03	1.065324453678651651e+01
4.233498931179303781e+01	6.256589974872686071e+03	1.063300925871555691e+01
4.235162829546633390e+01	6.230024519986542145e+03	1.040230705197092931e+01
4.236826732055820344e+01	6.226808336183825304e+03	1.080117704270587886e+01
4.238490638705769697e+01	6.257910344869862456e+03	1.069872408377974260e+01
4.240154549495390057e+01	6.235148037359946102e+03	1.078434803369694883e+01
4.241818464423585766e+01	6.235627784793594401e+03	1.102676112666864050e+01
4.243482383489264009e+01	6.234091837240865061e+03	1.075337544403896572e+01
4.245146306691330551e+01	6.222898682664475928e+03	1.025973995047516318e+01
4.246810234028693287e+01	6.245134273332945668e+03	1.061242574505987157e+01
4.248474165500257271e+01	6.238330073565213752e+03	1.061595515786173571e+01
4.250138101104928978e+01	6.227393897844462117e+03	1.039201436097219755e+01
4.251802040841614172e+01	6.231666325238998070e+03	1.071954030923605750e+01
4.253465984709220749e+01	6.228748356444095407e+03	1.070601889672615670e+01
4.255129932706654472e+01	6.225454005113718267e+03	1.049604923599243200e+01
4.256793884832821107e+01	6.221842691000325431e+03	1.090009570246725445e+01
4.258457841086627127e+01	6.222414191490908706e+03	1.143233687556344336e+01
4.260121801466979008e+01	6.225407042867816926e+03	1.060105732134997147e+01
4.261785765972783935e+01	6.233165890448478422e+03	1.075843397181768601e+01
4.263449734602947672e+01	6.218709900296031265e+03	1.084259083302328364e+01
4.265113707356375272e+01	6.229730883155947595e+03	1.059453417611931769e+01
4.266777684231975343e+01	6.233561346526243142e+03	1.116107194945553438e+01
4.268441665228652226e+01	6.232212187965405974e+03	1.134657999975601150e+01
4.270105650345313819e+01	6.217404037335278190e+03	1.058029273007593041e+01
4.271769639580864464e+01	6.233957916037817995e+03	1.077148530736729448e+01
4.273433632934213477e+01	6.235554212680224737e+03	1.069611895929008405e+01
4.275097630404265203e+01	6.223412773464581733e+03	1.105177428281161411e+01
4.276761631989926826e+01	6.214952016433718200e+03	1.105394071006126033e+01
4.278425637690102690e+01	6.214277457983080240e+03	1.111262716473272505e+01
4.280089647503702110e+01	6.233953284075338161e+03	1.111158400440659122e+01
4.281753661429630142e+01	6.212517946798136109e+03	1.105217400092378099e+01
4.283417679466792549e+01	6.207426990466390635e+03	1.092788676187625718e+01
4.285081701614095806e+01	6.212006352029322443e+03	1.105639885820805546e+01
4.286745727870447098e+01	6.234765985399379133e+03	1.167742615049581012e+01
4.288409758234752900e+01	6.223284967962470546e+03	1.155704864745916538e+01
4.290073792705918265e+01	6.201088545487193187e+03	1.093984784055443704e+01
4.291737831282848958e+01	6.207308803682350117e+03	1.123291377771845134e+01
4.293401873964454296e+01	6.206884249427913346e+03	1.110774672789674966e+01
4.295065920749638622e+01	6.205261528299688507e+03	1.142079659170657457e+01
4.296729971637309120e+01	6.204836457930568940e+03	1.133319454437765472e+01
4.298394026626370135e+01	6.198765193279865343e+03	1.067221621557659361e+01
4.300058085715730982e+01	6.196486139158603692e+03	1.151833067443222980e+01
4.301722148904296006e+01	6.210822941383793477e+03	1.093601646663061366e+01
4.303386216190972391e+01	6.209184990885016305e+03	1.142139053290725492e+01
4.305050287574665191e+01	6.209007330264972552e+03	1.134724467174167550e+01
4.306714363054282302e+01	6.190316377241024384e+03	1.132296131255256988e+01
4.308378442628730198e+01	6.193617969550696216e+03	1.122363724940744767e+01
4.310042526296913223e+01	6.183804992229308482e+03	1.103541659528405994e+01
4.311706614057739273e+01	6.193736752518481808e+03	1.129321641945174193e+01
4.313370705910115532e+01	6.201629520537793724e+03	1.112040056712295133e+01
4.315034801852946345e+01	6.178469582853182146e+03	1.107383232665201511e+01
4.316698901885139605e+01	6.201500489870405545e+03	1.150789047308992785e+01
4.318363006005600369e+01	6.194083210282557957e+03	1.097090258464823265e+01
4.320027114213236530e+01	6.190326326170422362e+03	1.130588234364292788e+01
4.321691226506953143e+01	6.200313437351123866e+03	1.120408856212487336e+01
4.323355342885657393e+01	6.192689980180791281e+03	1.152516566387913777e+01
4.325019463348254334e+01	6.182055548070627992e+03	1.137778798659985391e+01
4.326683587893652572e+01	6.193546745315119551e+03	1.072432357385117818e+01
4.328347716520756450e+01	6.199515641305835743e+03	1.091913980634572745e+01
4.330011849228472443e+01	6.171679314069260727e+03	1.122437174234512192e+01
4.331675986015707025e+01	6.189326870357497683e+03	1.086810995826456683e+01
4.333340126881368093e+01	6.167412388195792118e+03	1.162715861113239413e+01
4.335004271824360700e+01	6.181446441203692302e+03	1.137050181216213929e+01
4.336668420843591321e+01	6.186987889474605254e+03	1.106965835873514159e+01
4.338332573937965719e+01	6.171403243838787603e+03	1.170187883561667341e+01
4.339996731106391792e+01	6.151048900041062552e+03	1.132360700603199000e+01
4.341660892347774592e+01	6.161165805739579810e+03	1.121055297048496868e+01
4.343325057661021305e+01	6.181906017064819025e+03	1.138849410870060197e+01
4.344989227045036273e+01	6.177287138601964216e+03	1.147676109489655616e+01
4.346653400498728814e+01	6.164505355005381716e+03	1.149500694431907100e+01
4.348317578021003271e+01	6.163874606046854751e+03	1.146427977476557736e+01
4.349981759610766119e+01	6.174381085534154408e+03	1.161053268071688471e+01
4.351645945266924542e+01	6.184635400094177385e+03	1.180906591630382074e+01
4.353310134988385016e+01	6.167568601578110247e+03	1.166688289363914777e+01
4.354974328774053305e+01	6.157670290860345631e+03	1.201527923999205250e+01
4.356638526622835883e+01	6.167573094523602776e+03	1.200457668882843798e+01
4.358302728533637804e+01	6.168383222763228332e+03	1.178320741036518271e+01
4.359966934505367675e+01	6.170420527731903348e+03	1.134323729044717055e+01
4.361631144536931259e+01	6.165476260638984058e+03	1.188073787097165734e+01
4.363295358627234322e+01	6.160521142445253645e+03	1.120988239741979875e+01
4.364959576775182626e+01	6.149869355504102714e+03	1.124650136194299321e+01
4.366623798979683357e+01	6.165373184565201882e+03	1.156634874158886817e+01
4.368288025239643702e+01	6.165066169149621601e+03	1.189901238312854659e+01
4.369952255553968001e+01	6.161925549819048683e+03	1.143974930712428772e+01
4.371616489921563442e+01	6.166752146081171304e+03	1.145737580376167131e+01
4.373280728341337920e+01	6.167925616566062672e+03	1.173033659034139831e+01
4.374944970812195777e+01	6.162814762443973450e+03	1.118711594343404059e+01
4.376609217333044199e+01	6.162370167663874781e+03	1.186456351186794933e+01
4.378273467902788951e+01	6.147175131297000917e+03	1.166541729472442235e+01
4.379937722520337218e+01	6.150536534268505420e+03	1.192841617100936524e+01
4.381601981184595473e+01	6.158997888191917809e+03	1.183642775529177449e+01
4.383266243894469483e+01	6.145553789369734659e+03	1.198663186220230692e+01
4.384930510648864299e+01	6.124790238041977318e+03	1.188283049324141061e+01
4.386594781446689240e+01	6.143863799185342032e+03	1.171784038204134859e+01
4.388259056286848647e+01	6.160096891333654639e+03	1.195617496544326563e+01
4.389923335168248286e+01	6.150152111523647363e+03	1.204793799565805479e+01
4.391587618089796052e+01	6.166217701071277588e+03	1.199723724499659738e+01
4.393251905050398420e+01	6.145054818939199322e+03	1.270434208352678773e+01
4.394916196048960444e+01	6.163092089230596685e+03	1.201823272881900095e+01
4.396580491084389308e+01	6.170934205813028711e+03	1.234786573301570378e+01
4.398244790155590778e+01	6.144181109531151378e+03	1.169636389755264716e+01
4.399909093261472037e+01	6.174607272761424611e+03	1.232408847010932895e+01
4.401573400400939562e+01	6.142457137352637801e+03	1.221933088648295751e+01
4.403237711572898405e+01	6.156707341169820211e+03	1.203887241302244959e+01
4.404902026776255042e+01	6.148658630443575930e+03	1.211964447139369128e+01
4.406566346009917368e+01	6.168613668119236536e+03	1.197242841705467953e+01
4.408230669272790436e+01	6.136174700457879226e+03	1.208296920224543491e+01
4.409894996563780012e+01	6.154194581484774062e+03	1.203673181310696094e+01
4.411559327881793990e+01	6.166658712020051098e+03	1.219755487011669359e+01
4.413223663225738136e+01	6.155650999743744251e+03	1.162226728823788413e+01
4.414888002594519634e+01	6.150535715960366360e+03	1.211690532632474593e+01
4.416552345987043537e+01	6.150538333817547027e+03	1.242070348552361736e+01
4.418216693402215611e+01	6.169865766362576323e+03	1.272118751517610136e+01
4.419881044838943751e+01	6.150942731862387518e+03	1.200207614486312302e+01
4.421545400296134432e+01	6.147967372743720261e+03	1.265498379626425063e+01
4.423209759772692706e+01	6.166737631068235714e+03	1.193687731528656926e+01
4.424874123267525050e+01	6.131400868802726109e+03	1.215811138747964648e+01
4.426538490779539359e+01	6.148587708527613358e+03	1.216125155262097479e+01
4.428202862307640686e+01	6.144646516164625609e+03	1.225470783562482957e+01
4.429867237850734796e+01	6.134254233752219079e+03	1.142786065324120770e+01
4.431531617407728874e+01	6.139767108448721046e+03	1.203351713229442588e+01
4.433196000977530105e+01	6.148429177663046175e+03	1.224624763267140359e+01
4.434860388559044253e+01	6.129040408177235804e+03	1.186483100996955287e+01
4.436524780151177083e+01	6.155493954143245901e+03	1.195795704921880365e+01
4.438189175752835069e+01	6.137788729870368115e+03	1.261542523249796588e+01
4.439853575362924687e+01	6.143257355792960880e+03	1.271194080830409590e+01
4.441517978980352410e+01	6.160230291489218871e+03	1.211361004543926079e+01
4.443182386604025425e+01	6.134798418573747767e+03	1.289959955334369290e+01
4.444846798232847362e+01	6.137106677633972140e+03	1.221480496243149361e+01
4.446511213865728251e+01	6.167362404719817278e+03	1.199280295358252424e+01
4.448175633501571724e+01	6.125302745742716070e+03	1.261067413037365981e+01
4.449840057139284966e+01	6.134854281753671785e+03	1.223731328494682025e+01
4.451504484777773740e+01	6.137353516703715286e+03	1.244114937871309934e+01
4.453168916415945944e+01	6.152933541060561765e+03	1.240998621794993362e+01
4.454833352052707340e+01	6.147443715926764526e+03	1.260673633565083307e+01
4.456497791686963694e+01	6.136553152983642576e+03	1.233387125281836383e+01
4.458162235317620770e+01	6.148015726246814666e+03	1.257671465012915668e+01
4.459826682943586462e+01	6.149517127285174865e+03	1.237334345116704881e+01
4.461491134563766536e+01	6.136438259114314860e+03	1.224454511633663500e+01
4.463155590177067467e+01	6.149694923722398926e+03	1.230608814624285330e+01
4.464820049782394307e+01	6.137132153362404097e+03	1.251939634571082216e+01
4.466484513378654952e+01	6.131791504667983645e+03	1.250427828027418364e+01
4.468148980964755879e+01	6.116472858816331609e+03	1.201670522541527930e+01
4.469813452539601428e+01	6.141119553679682213e+03	1.208045421088256610e+01
4.471477928102099497e+01	6.130305016528899614e+03	1.260678288096094768e+01
4.473142407651157271e+01	6.135421618541489806e+03	1.282499066416172440e+01
4.474806891185679802e+01	6.142940880771078810e+03	1.281786960556750543e+01
4.476471378704574278e+01	6.132089336704473681e+03	1.261782829853455290e+01
4.478135870206745039e+01	6.114035016082660150e+03	1.240395491966603281e+01
4.479800365691101405e+01	6.127885443113660585e+03	1.251069254763802618e+01
4.481464865156547717e+01	6.142318834633030747e+03	1.228512458289488585e+01
4.483129368601990450e+01	6.114895730063072733e+03	1.247095490557921060e+01
4.484793876026336079e+01	6.122868363571219561e+03	1.278981295467303703e+01
4.486458387428491790e+01	6.127220057946624365e+03	1.274659116005345894e+01
4.488122902807364056e+01	6.116226075179340114e+03	1.261034453299881974e+01
4.489787422161857222e+01	6.130305257300537050e+03	1.265196004250366180e+01
4.491451945490878472e+01	6.146147287621703072e+03	1.281838523827020637e+01
4.493116472793335703e+01	6.135263261663056255e+03	1.306830572620319053e+01
4.494781004068134678e+01	6.129799188399370905e+03	1.294161856475284189e+01
4.496445539314180451e+01	6.122113357802795690e+03	1.288524938608988357e+01
4.498110078530380207e+01	6.116652590420922934e+03	1.335282344872839033e+01
4.499774621715640421e+01	6.123080590464711349e+03	1.262724592745681385e+01
4.501439168868867569e+01	6.113168150889076969e+03	1.302624423619391614e+01
4.503103719988967413e+01	6.122615965266201783e+03	1.242894741776822798e+01
4.504768275074846429e+01	6.120376669595863859e+03	1.258932883189032381e+01
4.506432834125411091e+01	6.112911641821972808e+03	1.309470144592800267e+01
4.508097397139568585e+01	6.127790592893918074e+03	1.279944859068926277e+01
4.509761964116223254e+01	6.112095307884709655e+03	1.287203195487822072e+01
4.511426535054282994e+01	6.120039170167834527e+03	1.259036362315333157e+01
4.513091109952654278e+01	6.122644112168824904e+03	1.314437554959440391e+01
4.514755688810242873e+01	6.117854559778050316e+03	1.253517064896123578e+01
4.516420271625955252e+01	6.110161807557870816e+03	1.306381052169481549e+01
4.518084858398697889e+01	6.117809740175129264e+03	1.353413264581068276e+01
4.519749449127376550e+01	6.127390720110207440e+03	1.271116195325910780e+01
4.521414043810899130e+01	6.112274046813350651e+03	1.273528902036522048e+01
4.523078642448169262e+01	6.106204028767611817e+03	1.282180918619953225e+01
4.524743245038096262e+01	6.115532100777752930e+03	1.351662910315379840e+01
4.526407851579584474e+01	6.117369935413014900e+03	1.270699389240304100e+01
4.528072462071541793e+01	6.113864101097673483e+03	1.300775947322243908e+01
4.529737076512872562e+01	6.103288304409898046e+03	1.194458199730356718e+01
4.531401694902483968e+01	6.103805149735362647e+03	1.249338606939047835e+01
4.533066317239283904e+01	6.107097643658185007e+03	1.284592335512241057e+01
4.534730943522177427e+01	6.109162677615739085e+03	1.242098704378246943e+01
4.536395573750070298e+01	6.092906495058738074e+03	1.259550217685974083e+01
4.538060207921869704e+01	6.099929168921065866e+03	1.279013570525588506e+01
4.539724846036482120e+01	6.103673865963617573e+03	1.283026742556196709e+01
4.541389488092813309e+01	6.117681288811502782e+03	1.292426636682143481e+01
4.543054134089769036e+01	6.099971616517714210e+03	1.305897874020570981e+01
4.544718784026257907e+01	6.118914506705028543e+03	1.172044933933949551e+01
4.546383437901184266e+01	6.108996259620630553e+03	1.291955416818844249e+01
4.548048095713455297e+01	6.101040700903875404e+03	1.276943502091626748e+01
4.549712757461976054e+01	6.104109816918226898e+03	1.306987852106839831e+01
4.551377423145654433e+01	6.105213979186271899e+03	1.311200515348573248e+01
4.553042092763396909e+01	6.090089800414132696e+03	1.276289527085500097e+01
4.554706766314109245e+01	6.103080878056458459e+03	1.318894524088209863e+01
4.556371443796697207e+01	6.097156856498429079e+03	1.281930271532986332e+01
4.558036125210067979e+01	6.110253671873746498e+03	1.246797527198237709e+01
4.559700810553127326e+01	6.103655791387862337e+03	1.281073023785370069e+01
4.561365499824782432e+01	6.089707070876163925e+03	1.279641469585516944e+01
4.563030193023938352e+01	6.100020102319585931e+03	1.323704159898791666e+01
4.564694890149502982e+01	6.118437935075999121e+03	1.351838851809764819e+01
4.566359591200381374e+01	6.109984404235596230e+03	1.250368158117244377e+01
4.568024296175481425e+01	6.078881569419876541e+03	1.293577644317205255e+01
4.569689005073706767e+01	6.088417171005987257e+03	1.276287015060428764e+01
4.571353717893966007e+01	6.124725447279761283e+03	1.255160630257681120e+01
4.573018434635164908e+01	6.104147539965288161e+03	1.398145275161984458e+01
4.574683155296210657e+01	6.116109886212909259e+03	1.322611646623385795e+01
4.576347879876008307e+01	6.086237144471400825e+03	1.271463407313048322e+01
4.578012608373464332e+01	6.080256171895995976e+03	1.314285000825121408e+01
4.579677340787485917e+01	6.089584896312690944e+03	1.299235372553605217e+01
4.581342077116978828e+01	6.088560380701881513e+03	1.286069041358736698e+01
4.583006817360848828e+01	6.083682164764382833e+03	1.277025122427122561e+01
4.584671561518003813e+01	6.071896516175369470e+03	1.300986419140850892e+01
4.586336309587348836e+01	6.084428926918921206e+03	1.186828207824111736e+01
4.588001061567791083e+01	6.091049685726831740e+03	1.309758116706667685e+01
4.589665817458235608e+01	6.080370111209147581e+03	1.250485582258148476e+01
4.591330577257590306e+01	6.062722737553898696e+03	1.295472604982186304e+01
4.592995340964760942e+01	6.086620592024349207e+03	1.261909937966750128e+01
4.594660108578653990e+01	6.080932453490417174e+03	1.291626357225218591e+01
4.596324880098174503e+01	6.062245510445735817e+03	1.243213408818986920e+01
4.597989655522231089e+01	6.072940083184230389e+03	1.324312444958568591e+01
4.599654434849728801e+01	6.078631864511336062e+03	1.306149820063893863e+01
4.601319218079574114e+01	6.082389745922202565e+03	1.295461635021349522e+01
4.602984005210672791e+01	6.077885980220147758e+03	1.257920881816454184e+01
4.604648796241932018e+01	6.078147824197904811e+03	1.276326510258312474e+01
4.606313591172258270e+01	6.085156643339489165e+03	1.227450091465564874e+01
4.607978390000557312e+01	6.088899949975868367e+03	1.313536618466962835e+01
4.609643192725735616e+01	6.066042433944316144e+03	1.278217984696785336e+01
4.611307999346698949e+01	6.075635293839799488e+03	1.289674158837938478e+01
4.612972809862355206e+01	6.084971312740938629e+03	1.283483669404996341e+01
4.614637624271610150e+01	6.055514279512044595e+03	1.318710809019971997e+01
4.616302442573368836e+01	6.076622858371640177e+03	1.322511750645252349e+01
4.617967264766539870e+01	6.065878315230061162e+03	1.271169919795006997e+01
4.619632090850028305e+01	6.070984362434939612e+03	1.262349418147292823e+01
4.621296920822739906e+01	6.084030056270546993e+03	1.295112505158802385e+01
4.622961754683581148e+01	6.066601730659596797e+03	1.214326809901367454e+01
4.624626592431459926e+01	6.064628301510324491e+03	1.291979428385287321e+01
4.626291434065281294e+01	6.073310536630951901e+03	1.277571416116551717e+01
4.627956279583952437e+01	6.077004563156436234e+03	1.264369584019715731e+01
4.629621128986377698e+01	6.089374395367236502e+03	1.305742757682914856e+01
4.631285982271464974e+01	6.059823861316283001e+03	1.278067273304013796e+01
4.632950839438121449e+01	6.072634554165962982e+03	1.277016989935934177e+01
4.634615700485252177e+01	6.074014257515344070e+03	1.310049287854823774e+01
4.636280565411763632e+01	6.059407530489028431e+03	1.343997882552670831e+01
4.637945434216563001e+01	6.079050869924272774e+03	1.324490285269635059e+01
4.639610306898556047e+01	6.059738795730096172e+03	1.285628283742686406e+01
4.641275183456648534e+01	6.077932017087712666e+03	1.363565656345028643e+01
4.642940063889746938e+01	6.078112842080508926e+03	1.310018481158142833e+01
4.644604948196759153e+01	6.052142223868636393e+03	1.373484360136871985e+01
4.646269836376590234e+01	6.038167659606383495e+03	1.387299939639117063e+01
4.647934728428146656e+01	6.051991896617648308e+03	1.426501415632808722e+01
4.649599624350334182e+01	6.068506884438267662e+03	1.342133474957967820e+01
4.651264524142059997e+01	6.034526054675156047e+03	1.329695481353215492e+01
4.652929427802230578e+01	6.053612821425530456e+03	1.343436027642532515e+01
4.654594335329751686e+01	6.051779626112431288e+03	1.441063867389332032e+01
4.656259246723529799e+01	6.050356802220335339e+03	1.384004462349645692e+01
4.657924161982472100e+01	6.057294749609108294e+03	1.388654056130173586e+01
4.659589081105484354e+01	6.062164312558946222e+03	1.336335038037822009e+01
4.661254004091472325e+01	6.033914578171072208e+03	1.490394538524959067e+01
4.662918930939342488e+01	6.028161231002824024e+03	1.437704296830839468e+01
4.664583861648002028e+01	6.032210644470902480e+03	1.330740105467691592e+01
4.666248796216356709e+01	6.064217968289278360e+03	1.414164600203724831e+01
4.667913734643313006e+01	6.031173382290755399e+03	1.499841193003829254e+01
4.669578676927775973e+01	6.040027204989652091e+03	1.449135756171723877e+01
4.671243623068654927e+01	6.045828924685587481e+03	1.466503278603212657e+01
4.672908573064854210e+01	6.039473478041338240e+03	1.443250263229903041e+01
4.674573526915281008e+01	6.029494977277871840e+03	1.475792017439131953e+01
4.676238484618839664e+01	6.032393588354531857e+03	1.523079774176188117e+01
4.677903446174439495e+01	6.021196675097926345e+03	1.493325765679380446e+01
4.679568411580984844e+01	6.045746747566750855e+03	1.436775363394938232e+01
4.681233380837382185e+01	6.007517695994220048e+03	1.570315732642533924e+01
4.682898353942537994e+01	6.049604194633980114e+03	1.526011885205647012e+01
4.684563330895360167e+01	6.012538915954484764e+03	1.540472936372771073e+01
4.686228311694753046e+01	6.020206706146886972e+03	1.467151986049295331e+01
4.687893296339623816e+01	6.019667603319428963e+03	1.546161599872606907e+01
4.689558284828877532e+01	6.044134925613475389e+03	1.657494666841752462e+01
4.691223277161422800e+01	6.036824375661619342e+03	1.534630187962341452e+01
4.692888273336165383e+01	6.023094192162013314e+03	1.547165555558562566e+01
4.694553273352011047e+01	6.003506226819872609e+03	1.617258415830312401e+01
4.696218277207865555e+01	6.001772029294474123e+03	1.657091738929505098e+01
4.697883284902636092e+01	6.016851866536648231e+03	1.652890234041304041e+01
4.699548296435229133e+01	6.000592696026298654e+03	1.668714572380644157e+01
4.701213311804551154e+01	6.008627924533440819e+03	1.622887905714509671e+01
4.702878331009507207e+01	6.027227131412175368e+03	1.555928540156352469e+01
4.704543354049005188e+01	6.005973895744464244e+03	1.653882922070803119e+01
4.706208380921950862e+01	5.981541484549758025e+03	1.578046200307684721e+01
4.707873411627250704e+01	5.986399047671882727e+03	1.665003443260659566e+01
4.709538446163809056e+01	6.000689626335026333e+03	1.668630741161527098e+01
4.711203484530535945e+01	5.995188472586587523e+03	1.714110059325699709e+01
4.712868526726335006e+01	5.985632445036009813e+03	1.577664860952468828e+01
4.714533572750114132e+01	5.992132966184016368e+03	1.722073305378365760e+01
4.716198622600778378e+01	6.000500244543472945e+03	1.666910033581441652e+01
4.717863676277234930e+01	6.008033156845942358e+03	1.723904493949473959e+01
4.719528733778390261e+01	6.004430549646594955e+03	1.737825597227700669e+01
4.721193795103150848e+01	5.986619644254831655e+03	1.741218365536604651e+01
4.722858860250421031e+01	5.988263636977560964e+03	1.658346173748860508e+01
4.724523929219109419e+01	5.997988093597661646e+03	1.697773400579275460e+01
4.726189002008122486e+01	5.987103249576748567e+03	1.749572084810469619e+01
4.727854078616364575e+01	5.986801682684892512e+03	1.698703318941171148e+01
4.729519159042742871e+01	6.013578764362552647e+03	1.741355666118660039e+01
4.731184243286164559e+01	5.975490303188653343e+03	1.917339739607187710e+01
4.732849331345536115e+01	5.986135167075765821e+03	1.757386756544439166e+01
4.734514423219762591e+01	5.995935805260090092e+03	1.810410233706495831e+01
4.736179518907751174e+01	5.995581553544872804e+03	1.846746779591686050e+01
4.737844618408408337e+01	5.982389420527196307e+03	1.770378868018220686e+01
4.739509721720639845e+01	5.980918557461881392e+03	1.863956876202238178e+01
4.741174828843352174e+01	5.983305237127786313e+03	1.825371083670079742e+01
4.742839939775451796e+01	5.971573833228947478e+03	1.881322565827577264e+01
4.744505054515845188e+01	5.983138431265945655e+03	1.842296394143742688e+01
4.746170173063438824e+01	5.991590051587054404e+03	1.924525328665692925e+01
4.747835295417139179e+01	5.987176166252680559e+03	1.894369597532526939e+01
4.749500421575850595e+01	5.970255035271327870e+03	1.850811001176464998e+01
4.751165551538482390e+01	5.965501231848282259e+03	1.981884212148116831e+01
4.752830685303939617e+01	5.988295218401245620e+03	1.893274684443767697e+01
4.754495822871128752e+01	5.959791748303801796e+03	1.924183887900704093e+01
4.756160964238954847e+01	5.972362801544597460e+03	1.936811392696166223e+01
4.757826109406326509e+01	6.006743321170837589e+03	2.049984007071617143e+01
4.759491258372148792e+01	5.977689875285269409e+03	1.927687637322790337e+01
4.761156411135328881e+01	5.997147988860455371e+03	2.071831492323148893e+01
4.762821567694771119e+01	5.973377510815926144e+03	2.022160782514208677e+01
4.764486728049384112e+01	5.956187968011753583e+03	1.917629758895274605e+01
4.766151892198073625e+01	5.970418167692163479e+03	2.086928160992905745e+01
4.767817060139745422e+01	5.976850879261801310e+03	2.005646088729523058e+01
4.769482231873304556e+01	5.963458543738724984e+03	2.104270462069996483e+01
4.771147407397660345e+01	5.987581865623229533e+03	1.959781163558967521e+01
4.772812586711717842e+01	5.948284128068306018e+03	2.056555687856345216e+01
4.774477769814383521e+01	5.977149304640361152e+03	2.124427692472226070e+01
4.776142956704562437e+01	5.951699512063611110e+03	2.022920324585559015e+01
4.777808147381163195e+01	5.966995347279983434e+03	2.122447844958636765e+01
4.779473341843090850e+01	5.986190315653271682e+03	2.038900981773673493e+01
4.781138540089251165e+01	5.941350162793816708e+03	2.148260823133470510e+01
4.782803742118551327e+01	5.968567048926754069e+03	2.170599738605706364e+01
4.784468947929897809e+01	5.975592253365080978e+03	2.165617040193025389e+01
4.786134157522197086e+01	5.964865275455171286e+03	2.141107878272405074e+01
4.787799370894354922e+01	5.979019630031549241e+03	2.195324213037725514e+01
4.789464588045276372e+01	5.957840964943395193e+03	2.126770292317583966e+01
4.791129808973870752e+01	5.927941249757603146e+03	2.111659082702349721e+01
4.792795033679043115e+01	5.934807753758463150e+03	2.226008355312282916e+01
4.794460262159699226e+01	5.952597925562356977e+03	2.261075813780945865e+01
4.796125494414745560e+01	5.958799463107461634e+03	2.138109182702136124e+01
4.797790730443089302e+01	5.961192839436221220e+03	2.098939010309264930e+01
4.799455970243636216e+01	6.005177652806085462e+03	2.296098128919949843e+01
4.801121213815292066e+01	5.991280604832394602e+03	2.067961740052675168e+01
4.802786461156964037e+01	5.967589138476612789e+03	2.185799712690723595e+01
4.804451712267558605e+01	5.975799128343916891e+03	2.197676241234018590e+01
4.806116967145982244e+01	5.960801273637200211e+03	2.155516716808743638e+01
4.807782225791140007e+01	5.951677395396085558e+03	2.220762303058815235e+01
4.809447488201938370e+01	5.949497510969241375e+03	2.214706746011447436e+01
4.811112754377285228e+01	5.946916059573574785e+03	2.292859271461249548e+01
4.812778024316086345e+01	5.965228507616461684e+03	2.109333670813985862e+01
4.814443298017248196e+01	5.969266954696437097e+03	2.367899167774120173e+01
4.816108575479675125e+01	5.950106873677827025e+03	2.364922170072633634e+01
4.817773856702276447e+01	5.953591831542730688e+03	2.287433374875627479e+01
4.819439141683957217e+01	5.939217184014831219e+03	2.330880250865563852e+01
4.821104430423623910e+01	5.971724504025070928e+03	2.145269238222290653e+01
4.822769722920181579e+01	5.984626971772294382e+03	2.185293540940437751e+01
4.824435019172538119e+01	5.971468278633570662e+03	2.264028777386802105e+01
4.826100319179600007e+01	5.986005290100544698e+03	2.276943798336751357e+01
4.827765622940273005e+01	5.976016941307059824e+03	2.101937281876849895e+01
4.829430930453462167e+01	5.948170052312563712e+03	2.193570876361889432e+01
4.831096241718076101e+01	5.938840652684384622e+03	2.108115517120971205e+01
4.832761556733020569e+01	5.965038773856364969e+03	2.192762641699155068e+01
4.834426875497201337e+01	5.952659066332164002e+03	2.235346104442100312e+01
4.836092198009524878e+01	5.937177177988530275e+03	2.052437897156063329e+01
4.837757524268897669e+01	5.965238792376363563e+03	2.304079806021278642e+01
4.839422854274226893e+01	5.977780103635910564e+03	2.140049905653382822e+01
4.841088188024416894e+01	5.980907820194379383e+03	2.148342001637207588e+01
4.842753525518375568e+01	5.932426681087675206e+03	2.212634028168806566e+01
4.844418866755008679e+01	5.975867726958527783e+03	2.320129408742770138e+01
4.846084211733223412e+01	5.969332331745819829e+03	2.118258697184980477e+01
4.847749560451925532e+01	5.956287063773766931e+03	2.231815424982643492e+01
4.849414912910019382e+01	5.956564344056740993e+03	2.307803064649572988e+01
4.851080269106414988e+01	5.924834771727502812e+03	2.226713951328406438e+01
4.852745629040017405e+01	5.942563552695210092e+03	2.339559328878087285e+01
4.854410992709732398e+01	5.955825233655796183e+03	2.317990946833290167e+01
4.856076360114465018e+01	5.949922885273392239e+03	2.272403820555324216e+01
4.857741731253124584e+01	5.923157119929650435e+03	2.356981083746801531e+01
4.859407106124615439e+01	5.927179142862925801e+03	2.402634027175637144e+01
4.861072484727844767e+01	5.914604933133973645e+03	2.253094411000904529e+01
4.862737867061717623e+01	5.945667972397844096e+03	2.403695174198651685e+01
4.864403253125142612e+01	5.923016718109267458e+03	2.285750393392830659e+01
4.866068642917024079e+01	5.966171838516034768e+03	2.360392836204813349e+01
4.867734036436269207e+01	5.965249707284181568e+03	2.489863806655765899e+01
4.869399433681783051e+01	5.981841262239333446e+03	2.423117534816549323e+01
4.871064834652474218e+01	5.915441461970422097e+03	2.389068622598782454e+01
4.872730239347248471e+01	5.971588030150966006e+03	2.342760806171955679e+01
4.874395647765011574e+01	5.965790256765209051e+03	2.604671616600393591e+01
4.876061059904668582e+01	5.939911498004809800e+03	2.353168861701477610e+01
4.877726475765128811e+01	5.950579190259250936e+03	2.470795775102325820e+01
4.879391895345296604e+01	5.942099303778680223e+03	2.418080352232816210e+01
4.881057318644078435e+01	5.954995440682831031e+03	2.499286837603945699e+01
4.882722745660380781e+01	5.922440288801815768e+03	2.522528171932935592e+01
4.884388176393110825e+01	5.944069855011537584e+03	2.631452982929502937e+01
4.886053610841173622e+01	5.960833494470402911e+03	2.554828358721843529e+01
4.887719049003476357e+01	5.963028047832563971e+03	2.323697823120806305e+01
4.889384490878924083e+01	5.976998908294617650e+03	2.427267231156709926e+01
4.891049936466426118e+01	5.971758799754636129e+03	2.444178600300046611e+01
4.892715385764886094e+01	5.968740912126744661e+03	2.437890943824058354e+01
4.894380838773211195e+01	5.949577561552132465e+03	2.792438471549695933e+01
4.896046295490307187e+01	5.928357265941755031e+03	2.739583083466147428e+01
4.897711755915081966e+01	5.957545698677636210e+03	2.637769425102591114e+01
4.899377220046441295e+01	5.930418929436471444e+03	2.733778141213883828e+01
4.901042687883290228e+01	5.953622821784989355e+03	2.464043245887356193e+01
4.902708159424535950e+01	5.939816181813197545e+03	2.761675896652137752e+01
4.904373634669085646e+01	5.932835623450310777e+03	2.690851786556425296e+01
4.906039113615844371e+01	5.952695033204563515e+03	2.442105195719071276e+01
4.907704596263719310e+01	5.970832561459757017e+03	2.725554110128755880e+01
4.909370082611615516e+01	5.972864441926272775e+03	2.700075007315140141e+01
4.911035572658440884e+01	5.974334662309564010e+03	2.949667588258452611e+01
4.912701066403101891e+01	5.922272934652892218e+03	2.718013730572041098e+01
4.914366563844504299e+01	5.936054092934955406e+03	3.068127232992040021e+01
4.916032064981553162e+01	5.894761599253753957e+03	2.996600570120804008e+01
4.917697569813157088e+01	5.959411282517346990e+03	2.968776299205033453e+01
4.919363078338221129e+01	5.891441672156211098e+03	3.088422873367012400e+01
4.921028590555652471e+01	5.949072271283811460e+03	2.789271109757662970e+01
4.922694106464355457e+01	5.939592911288176765e+03	2.839893141863870341e+01
4.924359626063238693e+01	5.931292402601580761e+03	2.885310412455281792e+01
4.926025149351207943e+01	5.941847598759315588e+03	3.184724707877290584e+01
4.927690676327169683e+01	5.881144174823396497e+03	3.129596182886767508e+01
4.929356206990027545e+01	5.909642573580340468e+03	3.192767549213770906e+01
4.931021741338692266e+01	5.926312383570988459e+03	3.022242633721487337e+01
4.932687279372068190e+01	5.964449753660584975e+03	2.745183476110210563e+01
4.934352821089061081e+01	5.977769507361081196e+03	2.866891807732200448e+01
4.936018366488578124e+01	5.946505770736133854e+03	3.384590662527951110e+01
4.937683915569525084e+01	5.938445558438652370e+03	3.086160319364888238e+01
4.939349468330809145e+01	5.893905739467152671e+03	3.419894904402030278e+01
4.941015024771336073e+01	5.930511883120731000e+03	3.335272428449763993e+01
4.942680584890011630e+01	5.907511830173636554e+03	3.098729703559444459e+01
4.944346148685743003e+01	5.922633474939040752e+03	3.289104106745838862e+01
4.946011716157436666e+01	5.919128123863620203e+03	3.732445245412288415e+01
4.947677287303998384e+01	5.931354144695344075e+03	3.210003356408395092e+01
4.949342862124333919e+01	5.947785821262366881e+03	3.288357464783462802e+01
4.951008440617351170e+01	5.966992210395883376e+03	3.417648184626396102e+01
4.952674022781956609e+01	5.945422947916124031e+03	3.210852080304762524e+01
4.954339608617055291e+01	5.985656613258292964e+03	3.448839153439061533e+01
4.956005198121552979e+01	5.949188388793873855e+03	3.281648735197325806e+01
4.957670791294358281e+01	5.980155440758930126e+03	3.056001118267308314e+01
4.959336388134376250e+01	5.931165470409530826e+03	3.410741572287023615e+01
4.961001988640513360e+01	5.907804908824791710e+03	3.304849832530595677e+01
4.962667592811675377e+01	5.948036112812944339e+03	3.256622084064491673e+01
4.964333200646769484e+01	5.933540584992269942e+03	3.648226240910599927e+01
4.965998812144702157e+01	5.924778446520693251e+03	3.531084847147367611e+01
4.967664427304379160e+01	5.953321340265957588e+03	3.845497502992697747e+01
4.969330046124705547e+01	5.930601050287586986e+03	3.526266075055225002e+01
4.970995668604590634e+01	5.983192271900030391e+03	3.571322793375600213e+01
4.972661294742939475e+01	5.922998781600050279e+03	3.439050156265084723e+01
4.974326924538657835e+01	5.930077658702150075e+03	3.874428204336919634e+01
4.975992557990651477e+01	5.958039575808363224e+03	3.621886152609407361e+01
4.977658195097829008e+01	5.930219390526801362e+03	4.058193056670128840e+01
4.979323835859095482e+01	5.866855972298579218e+03	3.775679983969511255e+01
4.980989480273356662e+01	5.921108236957750705e+03	3.440558596785697176e+01
4.982655128339519734e+01	5.956759155595436823e+03	4.200639247752366146e+01
4.984320780056490463e+01	5.961514991682262007e+03	3.889566286636567582e+01
4.985986435423176033e+01	5.922538303123796140e+03	3.668225848767856689e+01
4.987652094438482209e+01	5.878916492081543765e+03	4.368317705128823292e+01
4.989317757101314754e+01	5.956754832972274016e+03	4.458849991970399174e+01
4.990983423410581565e+01	5.881732820178321163e+03	4.023466186238022146e+01
4.992649093365187696e+01	5.954792271548278222e+03	4.138615849939093039e+01
4.994314766964040331e+01	5.934505163930890376e+03	4.574978722656408792e+01
4.995980444206044524e+01	5.894956909380354773e+03	5.083404837279237398e+01
4.997646125090108882e+01	5.899951864796158588e+03	4.874275857455734240e+01
4.999311809615137747e+01	5.820077296144182583e+03	5.263318468243287640e+01
5.000977497780038306e+01	5.932734045622613849e+03	4.698329013945902943e+01
5.002643189583715611e+01	5.857824237642096705e+03	5.112730719845821881e+01
5.004308885025078268e+01	5.907676565812118497e+03	4.810071764623617696e+01
5.005974584103031333e+01	6.043196541521547260e+03	5.398607559744208828e+01
5.007640286816480568e+01	5.983966382524614346e+03	6.355402681856278946e+01
5.009305993164333159e+01	5.968746701013920756e+03	5.841060915661647357e+01
5.010971703145495582e+01	5.917049030482905437e+03	6.397786499625618006e+01
5.012637416758874309e+01	5.976141518168592484e+03	7.096307753718173217e+01
5.014303134003375817e+01	5.886286210107266925e+03	6.272582763658132166e+01
5.015968854877904448e+01	5.958254389225896375e+03	7.587435107907741383e+01
5.017634579381369520e+01	5.891287490114071261e+03	7.540028415274318263e+01
5.019300307512675374e+01	5.866457075444420298e+03	9.753451110871338869e+01
5.020966039270729198e+01	5.852316128169008152e+03	9.815811438377798481e+01
5.022631774654436043e+01	5.867274481010534146e+03	7.648262390538238265e+01
5.024297513662703807e+01	5.960391113023067192e+03	8.590699182160922476e+01
5.025963256294438963e+01	5.724329970677425081e+03	1.420482992426752844e+02
